dataset,seed,alpha,method,is,cov,size,sscv_pct
botswana,0,0.05,D,3.264843228819213,0.9446297531687792,1.0500333555703802,44.99999999999999
botswana,0,0.05,A,3.212141427618412,0.9446297531687792,0.9973315543695798,5.000000000000004
botswana,0,0.05,B,3.2981987991994663,0.9419613075383589,0.9766511007338226,5.000000000000004
botswana,0,0.05,C,2.85657104736491,0.9533022014676451,0.9886591060707138,5.000000000000004
botswana,0,0.1,D,2.9626417611741163,0.9006004002668445,0.9746497665110073,40.0
botswana,0,0.1,A,3.0987324883255503,0.8919279519679787,0.9372915276851234,9.999999999999998
botswana,0,0.1,B,2.90660440293529,0.9012675116744496,0.9319546364242829,9.999999999999998
botswana,0,0.1,C,2.8438959306204135,0.904603068712475,0.9359573048699132,9.999999999999998
botswana,0,0.15,D,2.992884144985546,0.8432288192128086,0.9026017344896597,12.215592680986475
botswana,0,0.15,A,2.9179452968645765,0.847898599066044,0.8899266177451635,15.000000000000002
botswana,0,0.15,B,2.830553702468312,0.8539026017344896,0.8825883922615076,15.000000000000002
botswana,0,0.15,C,2.689348454525239,0.8652434956637759,0.8925950633755837,15.000000000000002
botswana,1,0.05,D,2.893262174783189,0.9579719813208806,1.2121414276184124,5.000000000000004
botswana,1,0.05,A,2.826551034022682,0.9586390927284857,1.1721147431621082,5.000000000000004
botswana,1,0.05,B,2.8425617078052037,0.9553035356904603,1.0547031354236158,3.876404494382024
botswana,1,0.05,C,2.6924616410940625,0.9606404269513009,1.1180787191460975,5.000000000000004
botswana,1,0.1,D,2.5990660440293527,0.923949299533022,1.0780520346897933,9.999999999999998
botswana,1,0.1,A,2.8192128085390262,0.9112741827885257,1.0446964643095398,9.999999999999998
botswana,1,0.1,B,2.753835890593729,0.9119412941961308,0.9926617745163442,9.999999999999998
botswana,1,0.1,C,2.7825216811207474,0.9132755170113409,1.0480320213475651,9.999999999999998
botswana,1,0.15,D,2.9344007115855018,0.8525683789192795,0.9686457638425617,15.000000000000002
botswana,1,0.15,A,2.9068267734044917,0.8552368245496998,0.9766511007338226,15.000000000000002
botswana,1,0.15,B,2.875250166777852,0.8539026017344896,0.9272848565710473,15.000000000000002
botswana,1,0.15,C,2.694462975316878,0.8719146097398266,0.9866577718478986,15.000000000000002
botswana,2,0.05,D,3.3602401601067378,0.9426284189459639,1.0653769179452968,5.000000000000004
botswana,2,0.05,A,2.5383589059372915,0.9633088725817212,1.0707138092061375,5.000000000000004
botswana,2,0.05,B,2.904603068712475,0.95263509006004,1.010006671114076,5.000000000000004
botswana,2,0.05,C,2.939292861907939,0.9513008672448299,0.9913275517011341,5.000000000000004
botswana,2,0.1,D,2.878585723815877,0.9059372915276851,0.9973315543695798,9.999999999999998
botswana,2,0.1,A,2.868579052701801,0.9066044029352902,1.0006671114076051,9.999999999999998
botswana,2,0.1,B,2.6737825216811206,0.914609739826551,0.9659773182121414,9.999999999999998
botswana,2,0.1,C,2.6604402935290192,0.914609739826551,0.95263509006004,9.999999999999998
botswana,2,0.15,D,2.8676895708249948,0.8545697131420947,0.9286190793862575,15.000000000000002
botswana,2,0.15,A,2.793862575050033,0.8619079386257505,0.95263509006004,15.000000000000002
botswana,2,0.15,B,2.612630642650656,0.8732488325550367,0.9226150767178118,15.000000000000002
botswana,2,0.15,C,2.6911274182788527,0.8659106070713809,0.9032688458972649,15.000000000000002
botswana,3,0.05,D,3.2875250166777854,0.9446297531687792,1.0727151434289526,7.592592592592585
botswana,3,0.05,A,3.1987991994663107,0.9452968645763843,1.0106737825216812,5.000000000000004
botswana,3,0.05,B,3.068045363575717,0.9479653102068045,0.9866577718478986,2.894736842105272
botswana,3,0.05,C,2.892595063375584,0.9533022014676451,1.0246831220813877,5.000000000000004
botswana,3,0.1,D,3.2168112074716477,0.8879252835223482,0.9753168779186124,9.999999999999998
botswana,3,0.1,A,3.0166777851901267,0.8965977318212142,0.9486324216144096,9.999999999999998
botswana,3,0.1,B,3.1374249499666442,0.8892595063375583,0.9226150767178118,9.999999999999998
botswana,3,0.1,C,2.9292861907938628,0.9012675116744496,0.9546364242828552,9.999999999999998
botswana,3,0.15,D,3.0976206359795415,0.8352234823215477,0.9006004002668445,15.000000000000002
botswana,3,0.15,A,2.930842784078274,0.8472314876584389,0.8939292861907938,15.000000000000002
botswana,3,0.15,B,3.0925061151879034,0.8325550366911274,0.8599066044029353,15.000000000000002
botswana,3,0.15,C,2.9397376028463422,0.8465643762508339,0.8939292861907938,15.000000000000002
botswana,4,0.05,D,2.885256837891928,0.9539693128752502,1.0440293529019347,5.000000000000004
botswana,4,0.05,A,2.723148765843896,0.9573048699132756,1.0153435623749165,5.000000000000004
botswana,4,0.05,B,3.0173448965977316,0.9492995330220146,0.9893262174783188,5.000000000000004
botswana,4,0.05,C,3.1627751834556372,0.9452968645763843,0.9746497665110073,5.000000000000004
botswana,4,0.1,D,2.6497665110073383,0.9166110740493663,0.9819879919946631,9.999999999999998
botswana,4,0.1,A,2.836557705136758,0.9059372915276851,0.9553035356904603,9.999999999999998
botswana,4,0.1,B,2.733822548365577,0.9106070713809206,0.9459639759839893,9.999999999999998
botswana,4,0.1,C,2.9626417611741163,0.8979319546364243,0.9212808539026017,9.999999999999998
botswana,4,0.15,D,2.718923726929064,0.8645763842561708,0.9132755170113409,12.370456303170918
botswana,4,0.15,A,2.7333778074271735,0.8632421614409607,0.9099399599733156,15.000000000000002
botswana,4,0.15,B,2.74471870135646,0.8612408272181454,0.8945963975983989,15.000000000000002
botswana,4,0.15,C,2.9891038470091176,0.8405603735823882,0.8632421614409607,15.000000000000002
botswana,5,0.05,D,3.0840560373582386,0.9486324216144096,1.029352901934623,5.000000000000004
botswana,5,0.05,A,2.4069379586390927,0.9653102068045364,1.019346230820547,5.000000000000004
botswana,5,0.05,B,2.617745163442295,0.9593062041360907,0.989993328885924,5.000000000000004
botswana,5,0.05,C,2.52501667778519,0.961974649766511,1.0040026684456305,5.000000000000004
botswana,5,0.1,D,2.771847898599066,0.9099399599733156,0.970647098065377,9.999999999999998
botswana,5,0.1,A,2.47631754503002,0.9246164109406271,0.9686457638425617,9.999999999999998
botswana,5,0.1,B,2.725150100066711,0.9106070713809206,0.9372915276851234,9.999999999999998
botswana,5,0.1,C,2.892595063375584,0.9019346230820547,0.9312875250166778,9.999999999999998
botswana,5,0.15,D,2.8321102957527238,0.8552368245496998,0.9019346230820547,11.908809891808348
botswana,5,0.15,A,2.7987547253724703,0.857238158772515,0.895263509006004,15.000000000000002
botswana,5,0.15,B,2.9753168779186123,0.8418945963975984,0.867244829886591,15.000000000000002
botswana,5,0.15,C,2.903268845897265,0.847898599066044,0.875250166777852,15.000000000000002
botswana,6,0.05,D,2.989326217478319,0.95263509006004,1.09472981987992,5.000000000000004
botswana,6,0.05,A,3.122748498999333,0.9479653102068045,1.0413609072715144,5.714285714285705
botswana,6,0.05,B,3.0326884589726486,0.9492995330220146,1.0046697798532356,9.285714285714286
botswana,6,0.05,C,3.0733822548365577,0.9492995330220146,1.0453635757171447,5.000000000000004
botswana,6,0.1,D,3.1040693795863907,0.8945963975983989,0.9959973315543695,9.999999999999998
botswana,6,0.1,A,3.208805870580387,0.8879252835223482,0.9673115410273516,9.999999999999998
botswana,6,0.1,B,3.1674449633088724,0.8885923949299533,0.9392928619079386,13.52941176470589
botswana,6,0.1,C,3.078719146097398,0.8939292861907938,0.9573048699132756,9.999999999999998
botswana,6,0.15,D,3.043584611963531,0.8412274849899933,0.9266177451634423,18.333333333333336
botswana,6,0.15,A,3.0865021125194576,0.8365577051367579,0.9072715143428952,15.000000000000002
botswana,6,0.15,B,3.0440293529019344,0.837891927951968,0.8825883922615076,25.0
botswana,6,0.15,C,3.0602623971536578,0.8372248165443629,0.8899266177451635,10.67233384853169
botswana,7,0.05,D,3.14342895263509,0.9479653102068045,1.0620413609072714,5.000000000000004
botswana,7,0.05,A,2.847898599066044,0.9546364242828552,1.0333555703802535,5.52631578947368
botswana,7,0.05,B,3.1020680453635756,0.9472981987991995,0.9939959973315544,5.000000000000004
botswana,7,0.05,C,2.8345563709139427,0.9539693128752502,0.9933288859239493,5.000000000000004
botswana,7,0.1,D,2.9546364242828553,0.9012675116744496,0.9799866577718479,9.999999999999998
botswana,7,0.1,A,3.074716477651768,0.8945963975983989,0.9666444296197465,9.999999999999998
botswana,7,0.1,B,3.058705803869246,0.8939292861907938,0.9372915276851234,9.999999999999998
botswana,7,0.1,C,2.7825216811207474,0.9079386257505003,0.9412941961307538,8.024871982443305
botswana,7,0.15,D,2.8172114743162107,0.8579052701801201,0.9226150767178118,11.716184519155593
botswana,7,0.15,A,3.025572603958194,0.8412274849899933,0.9086057371581054,15.000000000000002
botswana,7,0.15,B,2.948854792083611,0.8452301534356238,0.885256837891928,15.000000000000002
botswana,7,0.15,C,2.809873248832555,0.8559039359573049,0.8885923949299533,12.465437788018441
botswana,8,0.05,D,3.3075383589059375,0.9432955303535691,1.039359573048699,5.000000000000004
botswana,8,0.05,A,3.028685790527018,0.9499666444296198,1.027351567711808,5.000000000000004
botswana,8,0.05,B,3.4269513008672448,0.9386257505003336,0.9719813208805871,5.000000000000004
botswana,8,0.05,C,2.9933288859239493,0.9506337558372249,1.0186791194129419,5.000000000000004
botswana,8,0.1,D,2.9119412941961307,0.9032688458972649,0.9773182121414277,9.999999999999998
botswana,8,0.1,A,3.008005336891261,0.8979319546364243,0.9666444296197465,9.999999999999998
botswana,8,0.1,B,3.2621747831887924,0.8825883922615076,0.9139426284189459,9.999999999999998
botswana,8,0.1,C,3.1014009339559707,0.8925950633755837,0.9533022014676451,9.999999999999998
botswana,8,0.15,D,2.8839226150767177,0.8519012675116745,0.9092728485657104,15.000000000000002
botswana,8,0.15,A,2.9448521236379808,0.8472314876584389,0.9079386257505003,15.000000000000002
botswana,8,0.15,B,2.9628641316433177,0.8432288192128086,0.8725817211474316,15.000000000000002
botswana,8,0.15,C,2.979986657771848,0.8438959306204136,0.8985990660440294,15.000000000000002
botswana,9,0.05,D,2.878585723815877,0.9546364242828552,1.0640426951300868,5.000000000000004
botswana,9,0.05,A,3.0126751167444965,0.9499666444296198,1.0113408939292863,5.000000000000004
botswana,9,0.05,B,2.4729819879919948,0.9633088725817212,1.0053368912608405,5.000000000000004
botswana,9,0.05,C,2.531020680453636,0.961974649766511,1.010006671114076,5.000000000000004
botswana,9,0.1,D,3.028018679119413,0.8972648432288192,0.9733155436957972,9.999999999999998
botswana,9,0.1,A,2.8012008005336893,0.9079386257505003,0.9599733155436958,9.999999999999998
botswana,9,0.1,B,2.647765176784523,0.9152768512341561,0.9533022014676451,9.999999999999998
botswana,9,0.1,C,2.805870580386925,0.9072715143428952,0.9513008672448299,9.999999999999998
botswana,9,0.15,D,2.791861240827218,0.8599066044029353,0.923949299533022,15.000000000000002
botswana,9,0.15,A,2.792973093173227,0.8585723815877252,0.9072715143428952,15.000000000000002
botswana,9,0.15,B,2.8523460084500782,0.8525683789192795,0.8865910607071381,15.000000000000002
botswana,9,0.15,C,2.913942628418946,0.847898599066044,0.885923949299533,15.000000000000002
ip,0,0.05,D,5.0754,0.9468,2.9474,5.675039246467817
ip,0,0.05,A,4.5896,0.9452,2.3976,4.478672985781984
ip,0,0.05,B,4.2602,0.947,2.1402,3.750000000000009
ip,0,0.05,C,3.5478,0.965,2.1478,4.150141643059491
ip,0,0.1,D,4.2562,0.8974,2.2042,5.369030390738061
ip,0,0.1,A,3.9244,0.8946,1.8164,9.999999999999998
ip,0,0.1,B,3.796,0.896,1.716,9.999999999999998
ip,0,0.1,C,3.3568,0.9176,1.7088,6.710526315789467
ip,0,0.15,D,3.8295333333333335,0.852,1.8562,7.21311475409836
ip,0,0.15,A,3.5663333333333336,0.849,1.553,15.000000000000002
ip,0,0.15,B,3.576,0.8416,1.464,15.000000000000002
ip,0,0.15,C,3.3174,0.8674,1.5494,8.073593073593077
ip,1,0.05,D,5.2286,0.9462,3.0766,2.8703703703703676
ip,1,0.05,A,4.7552,0.9454,2.5712,1.382978723404249
ip,1,0.05,B,4.0738,0.9492,2.0418,1.6272189349112454
ip,1,0.05,C,3.4938,0.967,2.1738,2.8038067349926865
ip,1,0.1,D,4.364,0.9024,2.412,4.644935972060537
ip,1,0.1,A,3.9004,0.9014,1.9284,5.275590551181097
ip,1,0.1,B,3.6794,0.9014,1.7074,9.999999999999998
ip,1,0.1,C,3.2106,0.9288,1.7866,5.1543571707698295
ip,1,0.15,D,3.920866666666667,0.848,1.8942,8.529411764705886
ip,1,0.15,A,3.5925333333333334,0.8502,1.5952,15.000000000000002
ip,1,0.15,B,3.4966,0.8482,1.4726,15.000000000000002
ip,1,0.15,C,3.1969333333333334,0.8808,1.6076,7.647058823529418
ip,2,0.05,D,5.3086,0.9572,3.5966,4.516380655226204
ip,2,0.05,A,4.7672,0.947,2.6472,3.1275720164609
ip,2,0.05,B,4.1242,0.9518,2.1962,3.6700336700336678
ip,2,0.05,C,3.3734,0.9674,2.0694,3.4084880636604864
ip,2,0.1,D,4.5606,0.8972,2.5046,3.2584269662921272
ip,2,0.1,A,4.0576,0.9012,2.0816,3.5386819484240717
ip,2,0.1,B,3.9016,0.8962,1.8256,9.999999999999998
ip,2,0.1,C,3.453,0.9204,1.861,6.819787985865721
ip,2,0.15,D,4.073533333333334,0.8454,2.0122,3.125
ip,2,0.15,A,3.724866666666667,0.8486,1.7062,7.857142857142863
ip,2,0.15,B,3.6698666666666666,0.8414,1.5552,15.000000000000002
ip,2,0.15,C,3.4806,0.8662,1.6966,8.220338983050846
ip,3,0.05,D,4.7314,0.962,3.2114,7.871287128712867
ip,3,0.05,A,4.5208,0.9472,2.4088,4.209453952730236
ip,3,0.05,B,4.3162,0.9456,2.1402,4.491315136476426
ip,3,0.05,C,3.5084,0.9648,2.1004,2.810218978102197
ip,3,0.1,D,4.1526,0.9078,2.3086,5.3643546971027245
ip,3,0.1,A,4.0708,0.8892,1.8548,5.0085275724843665
ip,3,0.1,B,3.8372,0.8928,1.6932,8.734177215189876
ip,3,0.1,C,3.3828,0.9172,1.7268,6.969696969696971
ip,3,0.15,D,3.8234,0.8548,1.8874,8.999999999999996
ip,3,0.15,A,3.6804,0.8422,1.5764,3.0652680652680675
ip,3,0.15,B,3.5812,0.8422,1.4772,15.000000000000002
ip,3,0.15,C,3.4113333333333338,0.8604,1.55,8.103448275862068
ip,4,0.05,D,4.7908,0.9522,2.8788,2.5965130759651234
ip,4,0.05,A,4.3954,0.9482,2.3234,1.9576217583807676
ip,4,0.05,B,3.8786,0.953,1.9986,3.795180722891567
ip,4,0.05,C,3.3972,0.9684,2.1332,3.567335243553016
ip,4,0.1,D,4.0868,0.9006,2.0988,5.934959349593494
ip,4,0.1,A,3.6832,0.9024,1.7312,5.121951219512189
ip,4,0.1,B,3.4646,0.9006,1.4766,9.999999999999998
ip,4,0.1,C,3.236,0.9252,1.74,5.5925925925925934
ip,4,0.15,D,3.6643333333333334,0.8496,1.659,8.939393939393947
ip,4,0.15,A,3.4303333333333335,0.8502,1.433,15.000000000000002
ip,4,0.15,B,3.3769333333333336,0.843,1.2836,15.000000000000002
ip,4,0.15,C,3.235866666666667,0.8708,1.5132,7.951541850220267
ip,5,0.05,D,5.1976,0.9496,3.1816,6.980033277870213
ip,5,0.05,A,4.5998,0.9524,2.6958,2.8291814946619143
ip,5,0.05,B,4.437,0.9494,2.413,3.623853211009176
ip,5,0.05,C,3.3478,0.9714,2.2038,3.3103601600711463
ip,5,0.1,D,4.374,0.8976,2.326,7.741935483870965
ip,5,0.1,A,3.8348,0.906,1.9548,2.038057085628442
ip,5,0.1,B,3.7228,0.9034,1.7908,9.999999999999998
ip,5,0.1,C,3.3496,0.9242,1.8336,5.9198813056379755
ip,5,0.15,D,3.8492666666666673,0.8516,1.8706,8.529411764705886
ip,5,0.15,A,3.4892,0.8566,1.5772,15.000000000000002
ip,5,0.15,B,3.4090666666666665,0.8546,1.4704,15.000000000000002
ip,5,0.15,C,3.3018666666666663,0.8744,1.6272,8.396868618107556
ip,6,0.05,D,5.1046,0.9514,3.1606,5.841654778887295
ip,6,0.05,A,4.3296,0.9556,2.5536,2.41444866920153
ip,6,0.05,B,4.191,0.9532,2.319,4.365750528541234
ip,6,0.05,C,3.6022,0.964,2.1622,3.43942505133471
ip,6,0.1,D,4.2822,0.9006,2.2942,3.43283582089553
ip,6,0.1,A,4.1112,0.8952,2.0152,4.73684210526315
ip,6,0.1,B,3.9506,0.8962,1.8746,9.999999999999998
ip,6,0.1,C,3.4852,0.9184,1.8532,5.726495726495728
ip,6,0.15,D,3.9608,0.8458,1.9048,15.000000000000002
ip,6,0.15,A,3.7651333333333334,0.8436,1.6798,15.000000000000002
ip,6,0.15,B,3.717,0.8392,1.573,4.847328244274807
ip,6,0.15,C,3.3313333333333337,0.8736,1.646,8.776520509193775
ip,7,0.05,D,5.1522,0.9576,3.4562,10.742793791574279
ip,7,0.05,A,4.4744,0.954,2.6344,3.3700081499592582
ip,7,0.05,B,4.1134,0.9582,2.4414,5.85714285714285
ip,7,0.05,C,3.3416,0.9762,2.3896,4.282639885222384
ip,7,0.1,D,4.2388,0.9112,2.4628,6.365524402907575
ip,7,0.1,A,3.9784,0.908,2.1384,6.275167785234903
ip,7,0.1,B,3.61,0.914,1.89,9.999999999999998
ip,7,0.1,C,3.1082,0.9396,1.9002,7.301717089125104
ip,7,0.15,D,3.857866666666667,0.8636,2.0392,9.414893617021281
ip,7,0.15,A,3.6689333333333334,0.858,1.7756,7.3076923076923155
ip,7,0.15,B,3.4446666666666665,0.863,1.618,15.000000000000002
ip,7,0.15,C,3.122066666666667,0.8948,1.7194,9.535104364326374
ip,8,0.05,D,5.8688,0.95,3.8688,3.684863523573201
ip,8,0.05,A,5.2646,0.947,3.1446,3.80566801619433
ip,8,0.05,B,4.4822,0.9466,2.3462,4.39774983454665
ip,8,0.05,C,3.753,0.9686,2.497,3.790322580645167
ip,8,0.1,D,4.8892,0.895,2.7892,6.162046908315566
ip,8,0.1,A,4.0954,0.8958,2.0114,2.333736396614272
ip,8,0.1,B,3.8408,0.8956,1.7528,9.999999999999998
ip,8,0.1,C,3.4612,0.928,2.0212,6.629213483146068
ip,8,0.15,D,4.088133333333333,0.8484,2.0668,11.66666666666667
ip,8,0.15,A,3.6754,0.85,1.6754,15.000000000000002
ip,8,0.15,B,3.5061333333333335,0.8526,1.5408,15.000000000000002
ip,8,0.15,C,3.469,0.874,1.789,8.647058823529418
ip,9,0.05,D,5.0708,0.9536,3.2148,7.499999999999996
ip,9,0.05,A,4.4524,0.9532,2.5804,1.2962962962962954
ip,9,0.05,B,4.2298,0.9518,2.3018,0.8656330749354013
ip,9,0.05,C,3.3048,0.9698,2.0968,3.9389920424403257
ip,9,0.1,D,4.2404,0.9014,2.2684,4.273127753303962
ip,9,0.1,A,3.7442,0.9078,1.9002,3.625866050808313
ip,9,0.1,B,3.6344,0.9038,1.7104,2.857142857142858
ip,9,0.1,C,3.2396,0.9248,1.7356,6.503496503496498
ip,9,0.15,D,3.7739333333333334,0.852,1.8006,3.796680497925309
ip,9,0.15,A,3.326666666666666,0.8624,1.492,85.0
ip,9,0.15,B,3.243,0.8638,1.427,15.000000000000002
ip,9,0.15,C,3.2750666666666666,0.8666,1.4964,11.923076923076925
ksc,0,0.05,D,4.6590084643289,0.9407496977025392,2.2889963724304714,4.698996655518394
ksc,0,0.05,A,4.111648528819025,0.9463925836356308,1.9673518742442564,9.227642276422765
ksc,0,0.05,B,4.085449415558243,0.9451833937928255,1.8927851672712617,16.888412017167376
ksc,0,0.05,C,3.387746876259573,0.9633212414349053,1.920596533655784,7.760416666666659
ksc,0,0.1,D,4.032245062474809,0.8879484079000403,1.7912132204756146,10.547945205479458
ksc,0,0.1,A,3.687222893994357,0.890769850866586,1.502619911326078,15.05910165484634
ksc,0,0.1,B,3.6199113260781943,0.8859330914953648,1.3385731559854896,23.714285714285722
ksc,0,0.1,C,3.2059653365578398,0.916968964127368,1.5453446191051996,9.999999999999998
ksc,0,0.15,D,3.6395270724170365,0.845626763401854,1.581217251108424,10.520833333333336
ksc,0,0.15,A,3.428187558780062,0.8363563079403467,1.2462716646513503,19.062499999999993
ksc,0,0.15,B,3.3302431815128313,0.8399838774687626,1.196694881096332,35.0
ksc,0,0.15,C,3.2134891844686284,0.860137041515518,1.3486497380088673,13.749999999999996
ksc,1,0.05,D,4.479645304312777,0.9568722289399436,2.75453446191052,3.568872987477645
ksc,1,0.05,A,4.022168480451431,0.9536477226924627,2.1680773881499396,17.222222222222218
ksc,1,0.05,B,3.422410318419992,0.9568722289399436,1.6972994760177347,5.000000000000004
ksc,1,0.05,C,3.2257154373236596,0.9673518742442564,1.9197904070939138,4.803921568627445
ksc,1,0.1,D,4.070536074163644,0.9044740024183797,2.1600161225312373,12.222222222222223
ksc,1,0.1,A,3.5941152760983472,0.9060862555421201,1.7158403869407497,8.36734693877551
ksc,1,0.1,B,3.2781136638452235,0.9089076985086658,1.456267634018541,9.999999999999998
ksc,1,0.1,C,3.153164046755341,0.9234179766223297,1.6215235792019347,8.36734693877551
ksc,1,0.15,D,3.820368131129921,0.8472390165255945,1.7835550181378477,6.768007483629567
ksc,1,0.15,A,3.2786510815531376,0.8629584844820637,1.4514308746473197,15.000000000000002
ksc,1,0.15,B,3.3001477898696763,0.8504635227730754,1.3063280935106811,15.000000000000002
ksc,1,0.15,C,3.2062340454117964,0.8686013704151552,1.4542523176138653,19.545454545454543
ksc,2,0.05,D,4.074566706972995,0.9391374445787989,1.6400644901249497,5.000000000000004
ksc,2,0.05,A,3.4663442160419184,0.9451833937928255,1.2736799677549375,6.39896373056994
ksc,2,0.05,B,3.05683192261185,0.9528415961305925,1.17049576783555,7.871287128712867
ksc,2,0.05,C,2.819024586860137,0.9596936719064894,1.2067714631197097,7.499999999999996
ksc,2,0.1,D,3.4663442160419184,0.894397420395002,1.3542926239419588,9.999999999999998
ksc,2,0.1,A,3.09471987101975,0.9012494961708988,1.1197097944377268,9.999999999999998
ksc,2,0.1,B,3.1620314389359128,0.8948004836759371,1.0580411124546554,9.597989949748742
ksc,2,0.1,C,3.0584441757355907,0.9020556227327691,1.0995566303909714,9.999999999999998
ksc,2,0.15,D,3.307671637780465,0.8399838774687626,1.1741233373639661,15.000000000000002
ksc,2,0.15,A,3.205427918849926,0.8359532446594116,1.0181378476420797,15.000000000000002
ksc,2,0.15,B,3.0901518205024856,0.8419991938734381,0.9834744054816607,8.422306959008585
ksc,2,0.15,C,3.030632809351068,0.848851269649335,1.015316404675534,15.000000000000002
ksc,3,0.05,D,4.1011688835147115,0.9355098750503829,1.5215638855300282,5.000000000000004
ksc,3,0.05,A,3.7110036275695286,0.9379282547359935,1.2281338170092704,14.999999999999991
ksc,3,0.05,B,3.675130995566304,0.9367190648931882,1.143893591293833,4.433962264150937
ksc,3,0.05,C,3.233776702942362,0.9496170898831117,1.218460298266828,5.000000000000004
ksc,3,0.1,D,3.7037484885126966,0.8782748891575978,1.2692462716646513,9.999999999999998
ksc,3,0.1,A,3.395002015316405,0.8859330914953648,1.1136638452237002,9.999999999999998
ksc,3,0.1,B,3.2789197904070937,0.8895606610237807,1.0701330108827085,5.454545454545457
ksc,3,0.1,C,3.1636436920596536,0.898428053204353,1.132204756146715,9.999999999999998
ksc,3,0.15,D,3.374177079134758,0.8327287384119306,1.143893591293833,15.000000000000002
ksc,3,0.15,A,3.2853688029020556,0.8307134220072552,1.0282144296654574,6.486220472440952
ksc,3,0.15,B,3.139728604057504,0.8395808141878275,1.0008061265618702,8.208661417322837
ksc,3,0.15,C,3.121187693134489,0.8444175735590488,1.0467553405884724,10.128339444735468
ksc,4,0.05,D,3.9334945586457075,0.947198710197501,1.8214429665457477,4.340659340659336
ksc,4,0.05,A,3.906489318823055,0.9435711406690851,1.649334945586457,6.111111111111112
ksc,4,0.05,B,3.9274486094316807,0.9431680773881499,1.6541717049576783,5.000000000000004
ksc,4,0.05,C,2.9375251914550584,0.9709794437726723,1.776702942361951,11.279069767441852
ksc,4,0.1,D,3.648528819024587,0.8911729141475212,1.4719871019750101,23.33333333333334
ksc,4,0.1,A,3.5634824667472795,0.8899637243047158,1.3627569528415961,17.19298245614035
ksc,4,0.1,B,3.3857315598548974,0.8976219266424829,1.3381700927045546,20.973451327433633
ksc,4,0.1,C,2.853688029020556,0.9302700523982266,1.4590890769850866,15.531914893617028
ksc,4,0.15,D,3.360069864302029,0.8472390165255945,1.3232567513099556,35.0
ksc,4,0.15,A,3.195888754534462,0.8500604594921403,1.196694881096332,15.000000000000002
ksc,4,0.15,B,3.103049845492409,0.8516727126158807,1.1253526803708183,15.000000000000002
ksc,4,0.15,C,3.004299341663308,0.8710197501007658,1.2845626763401854,10.586592178770948
ksc,5,0.05,D,4.778718258766626,0.9419588875453446,2.457073760580411,4.1666666666666625
ksc,5,0.05,A,4.163240628778718,0.9463925836356308,2.01894397420395,5.000000000000004
ksc,5,0.05,B,3.5642885933091497,0.9540507859733979,1.7263200322450625,12.0
ksc,5,0.05,C,3.1902458686013704,0.9685610640870617,1.9326884320838371,5.000000000000004
ksc,5,0.1,D,4.281338170092704,0.8831116485288191,1.943571140669085,9.382716049382712
ksc,5,0.1,A,3.770253929866989,0.8883514711809755,1.5372833534864974,11.739130434782608
ksc,5,0.1,B,3.4425634824667473,0.8976219266424829,1.3950020153164047,16.92307692307693
ksc,5,0.1,C,3.1084240225715436,0.9161628375654978,1.4316807738814994,18.571428571428573
ksc,5,0.15,D,3.944511621657934,0.8278919790407094,1.649738008867392,12.058823529411766
ksc,5,0.15,A,3.483138519414215,0.8383716243450222,1.3280935106811769,15.000000000000002
ksc,5,0.15,B,3.370012091898428,0.8403869407496977,1.241837968561064,14.927007299270068
ksc,5,0.15,C,3.1352949079672174,0.8589278516727126,1.2543329302700523,37.54237288135593
ksc,6,0.05,D,4.593309149536477,0.9524385328496574,2.6908504635227732,2.7272727272727337
ksc,6,0.05,A,4.090689238210399,0.9540507859733979,2.252720677146312,4.815950920245394
ksc,6,0.05,B,3.5191455058444174,0.958484482063684,1.8585247883917775,8.666666666666668
ksc,6,0.05,C,3.5554212011285773,0.958484482063684,1.8948004836759371,4.173553719008272
ksc,6,0.1,D,4.016928657799275,0.8988311164852882,1.9935509875050383,6.0317460317460325
ksc,6,0.1,A,3.47037484885127,0.9129383313180169,1.7291414752116083,11.364985163204755
ksc,6,0.1,B,3.422813381700927,0.9036678758565094,1.4961708988311164,9.999999999999998
ksc,6,0.1,C,3.3071342200725513,0.9189842805320435,1.686819830713422,7.979797979797976
ksc,6,0.15,D,3.6764745398360876,0.8508665860540104,1.6880290205562274,10.744680851063837
ksc,6,0.15,A,3.3415289533790142,0.860540104796453,1.4820636839983878,15.000000000000002
ksc,6,0.15,B,3.221416095660352,0.8581217251108424,1.3297057638049175,17.036613272311207
ksc,6,0.15,C,3.313583232567513,0.8669891172914147,1.5401047964530432,13.750000000000007
ksc,7,0.05,D,3.90528012898025,0.9447803305118904,1.6964933494558645,5.000000000000004
ksc,7,0.05,A,3.4054816606207177,0.9500201531640468,1.4062877871825876,7.154696132596683
ksc,7,0.05,B,3.2845626763401854,0.9496170898831117,1.2692462716646513,29.78260869565217
ksc,7,0.05,C,2.7154373236598146,0.9653365578395808,1.328899637243047,9.81481481481481
ksc,7,0.1,D,3.247480854494156,0.9085046352277307,1.4175735590487706,4.523809523809518
ksc,7,0.1,A,3.087061668681983,0.9068923821039904,1.2249093107617897,18.571428571428573
ksc,7,0.1,B,3.0741636436920596,0.9052801289802499,1.1797662232970576,34.44444444444444
ksc,7,0.1,C,2.92341797662233,0.9141475211608222,1.2063683998387746,31.176470588235293
ksc,7,0.15,D,3.3049845492408974,0.845626763401854,1.2466747279322854,22.931034482758616
ksc,7,0.15,A,2.970979443772672,0.8621523579201935,1.1330108827085852,25.0
ksc,7,0.15,B,2.9535133682654844,0.8613462313583232,1.1047964530431278,60.0
ksc,7,0.15,C,2.9733978234582827,0.8609431680773881,1.1193067311567917,51.66666666666666
ksc,8,0.05,D,3.8174123337363968,0.9508262797259169,1.8504635227730755,4.152542372881351
ksc,8,0.05,A,3.4925433293027006,0.9480048367593712,1.4127367996775493,11.339869281045745
ksc,8,0.05,B,3.07496977025393,0.9536477226924627,1.2208786779524385,5.000000000000004
ksc,8,0.05,C,2.8883514711809752,0.9600967351874244,1.2922208786779525,13.085106382978717
ksc,8,0.1,D,3.493752519145506,0.8996372430471584,1.4864973800886738,9.999999999999998
ksc,8,0.1,A,3.230149133413946,0.898428053204353,1.1987101975010077,9.999999999999998
ksc,8,0.1,B,3.053607416364369,0.9032648125755743,1.1189036678758566,2.9389312977099236
ksc,8,0.1,C,2.9798468359532446,0.9089076985086658,1.1580008061265619,12.033898305084744
ksc,8,0.15,D,3.407362622598414,0.8419991938734381,1.3006852075775897,15.000000000000002
ksc,8,0.15,A,3.1811097675668414,0.8424022571543732,1.0798065296251511,15.000000000000002
ksc,8,0.15,B,2.99261050651619,0.8540910923014914,1.0471584038694075,7.3076923076923155
ksc,8,0.15,C,2.98683326615612,0.8557033454252317,1.0628778718258767,15.000000000000002
ksc,9,0.05,D,3.569528415961306,0.9560661023780733,1.8121725110842402,3.750000000000009
ksc,9,0.05,A,3.388553002821443,0.9516324062877872,1.4538492543329302,8.106796116504855
ksc,9,0.05,B,3.205159209995969,0.9536477226924627,1.351068117694478,22.329192546583844
ksc,9,0.05,C,2.665054413542926,0.966142684401451,1.3107617896009673,3.2758620689655182
ksc,9,0.1,D,3.1894397420395,0.9125352680370818,1.4401451027811367,9.999999999999998
ksc,9,0.1,A,3.245062474808545,0.8964127367996776,1.173317210802096,32.64705882352942
ksc,9,0.1,B,3.185006045949214,0.8960096735187424,1.1051995163240629,58.18181818181818
ksc,9,0.1,C,2.9862958484482065,0.9101168883514712,1.18863361547763,14.074074074074073
ksc,9,0.15,D,3.234045411796319,0.8504635227730754,1.2402257154373237,15.000000000000002
ksc,9,0.15,A,3.1617627300819566,0.8424022571543732,1.060459492140266,39.166666666666664
ksc,9,0.15,B,2.9990595190111518,0.852881902458686,1.037484885126965,66.25
ksc,9,0.15,C,2.957409646647857,0.860540104796453,1.097944377267231,34.38271604938271
pu,0,0.05,D,3.4366740347081786,0.9491605135681701,1.403094577434981,5.000000000000004
pu,0,0.05,A,3.1422188778629545,0.9518412265437615,1.2158679396134129,5.000000000000004
pu,0,0.05,B,3.155575412688708,0.9497248741946104,1.1445703804731224,5.000000000000004
pu,0,0.05,C,2.901989371208202,0.9564031416074872,1.1581150355076895,4.999999999999993
pu,0,0.1,D,3.196726708366646,0.8999670789634576,1.1960682876357993,9.999999999999998
pu,0,0.1,A,3.0511686967972533,0.9007665898509147,1.0665004938155482,9.999999999999998
pu,0,0.1,B,2.990123689037295,0.9027418520434558,1.04496072990641,9.999999999999998
pu,0,0.1,C,2.9468560410102054,0.9056106852278606,1.0590697455674176,8.358281023660064
pu,0,0.15,D,3.0795121415918105,0.8496449231058647,1.0747777830033391,15.000000000000002
pu,0,0.15,A,3.0105347316935522,0.8481869914875606,0.9863612848610261,15.000000000000002
pu,0,0.15,B,2.9818307231654364,0.8492216526360344,0.9714527583125617,14.442586399108137
pu,0,0.15,C,2.9610904701437555,0.8514790951417956,0.98081173870103,15.000000000000002
pu,1,0.05,D,3.4263744532756433,0.949536753985797,1.4078446127075201,5.000000000000004
pu,1,0.05,A,3.2641207731740582,0.9499129944034238,1.2606405493110098,5.000000000000004
pu,1,0.05,B,3.1727884117951373,0.9507125052908809,1.201288623430372,5.000000000000004
pu,1,0.05,C,3.124018247660255,0.9524526172224052,1.2221229365564596,8.043478260869563
pu,1,0.1,D,3.262427691294737,0.8979918167709167,1.2222640267130696,9.999999999999998
pu,1,0.1,A,3.1795137092602173,0.8962517048393924,1.1045478060480647,6.984924623115574
pu,1,0.1,B,3.1075106993368764,0.8988383577105771,1.0842778535484174,7.5069252077562325
pu,1,0.1,C,3.0313690448196398,0.9054225650190472,1.139820345200583,9.999999999999998
pu,1,0.15,D,3.1577701484581984,0.8459765790340027,1.1041245355782345,15.000000000000002
pu,1,0.15,A,3.063741397419618,0.8470112401824766,1.0238912665193058,10.924104005621926
pu,1,0.15,B,3.0707331985138504,0.845224098198749,1.0070545078305038,15.000000000000002
pu,1,0.15,C,3.0112558591606704,0.8542068381695904,1.0673470347552085,15.000000000000002
pu,2,0.05,D,3.376945868409914,0.9512298358651178,1.4261393030146263,25.769230769230766
pu,2,0.05,A,3.171189390020223,0.9523585571179984,1.265531674740159,5.000000000000004
pu,2,0.05,B,3.048064713351832,0.952969947796642,1.166862625217514,3.780487804878052
pu,2,0.05,C,2.8003574283967456,0.9601185157315525,1.205098057658844,10.686274509803917
pu,2,0.1,D,3.199548511498848,0.9002962893288812,1.2054742980764708,9.999999999999998
pu,2,0.1,A,3.0507924563796265,0.9014250105817617,1.0792926680148616,4.614970382337102
pu,2,0.1,B,2.971499788364765,0.9043879038705733,1.059257865776231,9.999999999999998
pu,2,0.1,C,2.8768282932794054,0.9119127122231105,1.115082537741617,12.44897959183674
pu,2,0.15,D,3.0670021477057174,0.8510558246719654,1.081079809998589,15.000000000000002
pu,2,0.15,A,2.95709291570647,0.8533132671777266,1.0012698114094907,15.000000000000002
pu,2,0.15,B,2.942090329053599,0.8531721770211165,0.9843860226684852,15.000000000000002
pu,2,0.15,C,2.864569126338397,0.8633776983492452,1.0429384376616657,11.38398622470943
pu,3,0.05,D,3.383530075718384,0.9498189342990171,1.376287447679067,28.333333333333332
pu,3,0.05,A,3.2253680101584914,0.9500070545078305,1.2256501904717114,5.000000000000004
pu,3,0.05,B,3.091802661900955,0.9515120161783379,1.152283309034473,2.7524429967426767
pu,3,0.05,C,2.8293749706062172,0.9589897944786718,1.1889667497530922,19.999999999999996
pu,3,0.1,D,3.194610356017495,0.8981329069275267,1.157268494568029,90.0
pu,3,0.1,A,3.072661430654188,0.8994967784414241,1.0625969994826694,9.999999999999998
pu,3,0.1,B,3.013544655034567,0.9014250105817617,1.042044866669802,9.999999999999998
pu,3,0.1,C,2.8015802097540328,0.9141701547288718,1.0849833043314678,7.34475374732334
pu,3,0.15,D,3.0451645267992915,0.8502563137845083,1.0485820439260687,10.325389550870767
pu,3,0.15,A,2.961498063929518,0.8520904858204392,0.989371208202041,15.000000000000002
pu,3,0.15,B,2.965652385207481,0.850350373888915,0.9703240370596812,15.000000000000002
pu,3,0.15,C,2.900045462383797,0.8572637915628086,0.9968960165545784,12.466467958271243
pu,4,0.05,D,3.3748765461129664,0.9506184451864742,1.3996143535719325,9.285714285714286
pu,4,0.05,A,3.1852984056812303,0.9519352866481682,1.2627098716079574,11.216216216216212
pu,4,0.05,B,3.1409020364012603,0.9513709260217279,1.1957390772703758,7.499999999999996
pu,4,0.05,C,2.608615905563655,0.9656210318393453,1.2334571791374689,5.14492753623188
pu,4,0.1,D,3.176409725814796,0.9008136199031181,1.1926821238771574,15.000000000000002
pu,4,0.1,A,3.05714151342708,0.9018012509993886,1.0931665334148521,9.999999999999998
pu,4,0.1,B,3.088040257724686,0.8990264779193905,1.068569816112496,9.999999999999998
pu,4,0.1,C,2.7331985138503505,0.9198137609932747,1.1294737337158445,15.000000000000002
pu,4,0.15,D,3.1221370455721207,0.8459295489817994,1.0678643653294455,15.000000000000002
pu,4,0.15,A,3.0002508269450847,0.8506795842543385,1.0093119503362649,15.000000000000002
pu,4,0.15,B,3.008873003182367,0.8486572920095942,0.9909702299769553,15.000000000000002
pu,4,0.15,C,2.865870291116023,0.8627192776183982,1.0354606593613318,15.000000000000002
pu,5,0.05,D,3.342096599727226,0.9500070545078305,1.3423787800404459,8.858695652173909
pu,5,0.05,A,3.2017589239524056,0.9504303249776608,1.2189719230588345,5.000000000000004
pu,5,0.05,B,3.1220900155199174,0.9511357757607111,1.167521045948361,5.000000000000004
pu,5,0.05,C,2.6825001175751306,0.9631284390725674,1.2076376804778253,5.000000000000004
pu,5,0.1,D,3.246343413441189,0.8951700136387152,1.1497436862154917,11.568627450980395
pu,5,0.1,A,3.1818181818181817,0.8934769317593942,1.051356817006067,9.999999999999998
pu,5,0.1,B,3.149273385693458,0.8943705027512581,1.0366834407186192,12.222222222222223
pu,5,0.1,C,2.7744438696326954,0.9157691765037859,1.0898273997084136,5.702005730659021
pu,5,0.15,D,3.1755318315069996,0.8395334618821427,1.0359779899355688,15.000000000000002
pu,5,0.15,A,3.026086002288796,0.8468231199736632,0.9837276019376382,15.000000000000002
pu,5,0.15,B,3.021320290332189,0.8464468795560363,0.9739453510793397,35.0
pu,5,0.15,C,2.8878333254949915,0.8582043926068758,0.9972252269200019,35.0
pu,6,0.05,D,3.3719136528241545,0.9494426938813902,1.349621408079763,9.285714285714286
pu,6,0.05,A,3.116258289046701,0.9525937073790152,1.2200065842073085,9.285714285714286
pu,6,0.05,B,3.2294596247001834,0.948502092837323,1.1695433381931053,5.000000000000004
pu,6,0.05,C,2.9479377322108826,0.9560269011898603,1.1890137798052955,5.000000000000004
pu,6,0.1,D,3.1173870102995815,0.901189860320745,1.1411842167144806,40.0
pu,6,0.1,A,3.040492874947091,0.9010487701641349,1.0614682782297888,9.999999999999998
pu,6,0.1,B,3.0652306824060576,0.8987442976061704,1.0401166345294643,9.999999999999998
pu,6,0.1,C,2.8897145275831257,0.9093260593519259,1.0762357146216432,6.8960863697705825
pu,6,0.15,D,3.0536612895640314,0.8487513521140009,1.0370126510840427,12.571428571428578
pu,6,0.15,A,2.9749173054915428,0.8510558246719654,0.9889949677844142,25.0
pu,6,0.15,B,2.9746037718101865,0.8495978930536613,0.9692423458590039,14.309392265193377
pu,6,0.15,C,2.9190142501058176,0.8555236796312844,0.9926633118562762,15.000000000000002
pu,7,0.05,D,3.292620984809293,0.9511828058129145,1.3399332173258713,4.012345679012352
pu,7,0.05,A,3.1563749235761653,0.9508065653952876,1.1886375393876687,5.000000000000004
pu,7,0.05,B,3.0968819075389176,0.950994685604101,1.1366693317029581,5.000000000000004
pu,7,0.05,C,2.728683628838828,0.961247236984433,1.1785731082161501,5.000000000000004
pu,7,0.1,D,3.0999388609321357,0.9030710624088792,1.1613601091097212,9.999999999999998
pu,7,0.1,A,3.0551662512345388,0.9003433193810845,1.0620326388562291,9.999999999999998
pu,7,0.1,B,3.0266190095471006,0.9005314395898979,1.0372478013450595,9.999999999999998
pu,7,0.1,C,2.86638762169026,0.911301321544467,1.0924140525795984,9.999999999999998
pu,7,0.15,D,2.969007195597987,0.8570756713539952,1.063349480317923,15.000000000000002
pu,7,0.15,A,3.0091238301274514,0.8484691718007807,0.9887127874711941,15.000000000000002
pu,7,0.15,B,2.9716252018373077,0.8497860132624747,0.9687720453369704,12.391304347826093
pu,7,0.15,C,2.910940757810908,0.8580162723980623,1.0178243897850727,15.000000000000002
pu,8,0.05,D,3.542914922635564,0.9469501011146122,1.4209189672200535,5.000000000000004
pu,8,0.05,A,3.395898979447867,0.945068899026478,1.198654940506984,5.000000000000004
pu,8,0.05,B,3.1042656257348447,0.9508065653952876,1.136528241546348,5.000000000000004
pu,8,0.05,C,2.810892160090298,0.9589897944786718,1.1704839392371726,8.333333333333325
pu,8,0.1,D,3.22296947749612,0.8995438084936275,1.2138456473686685,9.999999999999998
pu,8,0.1,A,3.1218548652589004,0.897380426092273,1.0694633871043597,9.999999999999998
pu,8,0.1,B,3.1329069275266894,0.8950759535343085,1.034425998212858,9.999999999999998
pu,8,0.1,C,2.886046183511264,0.9099844800827729,1.0857357851667215,17.272727272727273
pu,8,0.15,D,3.125272382385678,0.846540939660443,1.0791515778582514,13.591549295774652
pu,8,0.15,A,2.9963003025600026,0.8502563137845083,0.9997178196867799,15.000000000000002
pu,8,0.15,B,2.9976014673376286,0.8480459013309505,0.9715468184169684,15.000000000000002
pu,8,0.15,C,2.9420119456332596,0.8551004091614541,1.0100174011193153,28.749999999999996
pu,9,0.05,D,3.284578845882519,0.9515120161783379,1.3450594930160373,10.999999999999998
pu,9,0.05,A,3.077411465926727,0.9523585571179984,1.1717537506466633,8.636363636363631
pu,9,0.05,B,3.02605464892066,0.9524055871702017,1.1222781357287306,2.8131949592290595
pu,9,0.05,C,2.867281192682124,0.9580021633824014,1.187367727978178,3.7303708653524947
pu,9,0.1,D,3.1277806518365234,0.901330950477355,1.154399661383624,7.431192660550456
pu,9,0.1,A,2.985843954286789,0.9031180924610827,1.0482058035084418,9.999999999999998
pu,9,0.1,B,2.9844800827728917,0.9019423411559987,1.0233269058928656,9.999999999999998
pu,9,0.1,C,2.8674693128909374,0.9113483515966703,1.0944363448243428,6.9197873324086885
pu,9,0.15,D,3.0259605888162535,0.8515731552462024,1.0469359920989512,9.775828460038994
pu,9,0.15,A,2.935098527959366,0.8532662371255232,0.9786483562996755,18.333333333333336
pu,9,0.15,B,2.9356001818495354,0.8516201852984057,0.9572026524949443,15.000000000000002
pu,9,0.15,C,2.9271974791892017,0.8563702205709448,1.0121337534684665,15.000000000000002
sa,0,0.05,D,3.4415738678544914,0.9488121752041574,1.3940608760207869,5.000000000000004
sa,0,0.05,A,3.198700816629547,0.9505939123979213,1.2224573125463993,5.000000000000004
sa,0,0.05,B,3.1257980697847065,0.9498886414253898,1.121343726800297,5.000000000000004
sa,0,0.05,C,2.734187082405345,0.9606161841128433,1.1588344469190794,23.571428571428566
sa,0,0.1,D,3.1911284335560506,0.9005939123979213,1.2030066815144767,9.999999999999998
sa,0,0.1,A,3.074536005939124,0.8994432071269488,1.0634001484780995,8.18181818181818
sa,0,0.1,B,3.069153674832962,0.8980697847067558,1.0305493689680771,9.999999999999998
sa,0,0.1,C,2.8738307349665924,0.910430586488493,1.0824424647364514,90.0
sa,0,0.15,D,3.0842984409799556,0.8495545657015591,1.0783593170007424,10.476995061086559
sa,0,0.15,A,2.991351150705271,0.8497772828507795,0.9883815887156644,9.102990033222591
sa,0,0.15,B,2.9787428854243996,0.8489606533036377,0.9648849294729027,15.000000000000002
sa,0,0.15,C,2.9342984409799553,0.8557906458797327,1.0115070527097254,85.0
sa,1,0.05,D,3.350408314773571,0.9475501113585746,1.2524127691165554,5.000000000000004
sa,1,0.05,A,3.1320341499628803,0.9497401633259094,1.1216406829992576,19.999999999999996
sa,1,0.05,B,3.1310319227913883,0.948626577579807,1.0760950259836675,5.000000000000004
sa,1,0.05,C,2.783630289532294,0.9577951002227172,1.09543429844098,4.4152046783625725
sa,1,0.1,D,3.1579435783221976,0.8971417965850037,1.1007795100222717,9.999999999999998
sa,1,0.1,A,3.044654788418708,0.8988864142538976,1.0223830734966592,3.3333333333333326
sa,1,0.1,B,2.9997401633259093,0.9002227171492205,1.0041945063103193,9.999999999999998
sa,1,0.1,C,2.8712694877505567,0.9079806978470676,1.030883444691908,9.290780141843967
sa,1,0.15,D,3.008525117545162,0.8504825538233111,1.014959168522643,15.000000000000002
sa,1,0.15,A,2.9869339272457314,0.8478841870824053,0.9587230883444692,15.000000000000002
sa,1,0.15,B,2.9328755258599357,0.8509279881217521,0.9452487008166296,15.000000000000002
sa,1,0.15,C,2.886822568671121,0.8561247216035635,0.9684855233853007,13.94736842105263
sa,2,0.05,D,3.235746102449889,0.9532665181885672,1.366406829992576,6.6059379217273895
sa,2,0.05,A,3.0937639198218263,0.9524127691165553,1.1902746844840386,11.342412451361861
sa,2,0.05,B,3.0961024498886416,0.9508537490720119,1.1302524127691165,5.000000000000004
sa,2,0.05,C,2.6259465478841872,0.9629547141796585,1.144135115070527,3.7755102040816335
sa,2,0.1,D,3.1533036377134374,0.901373422420193,1.1807720861172977,6.927083333333339
sa,2,0.1,A,3.008611729769859,0.9025983667409058,1.0605790645879734,17.777777777777782
sa,2,0.1,B,3.0129547141796587,0.901336302895323,1.0396807720861172,9.999999999999998
sa,2,0.1,C,2.8348181143281366,0.9119524870081663,1.0738678544914626,9.193548387096772
sa,2,0.15,D,3.0792501855976244,0.8487750556792873,1.0629175946547884,15.894308943089431
sa,2,0.15,A,2.97107151695125,0.8512620638455828,0.9878990348923534,15.000000000000002
sa,2,0.15,B,2.942489482801287,0.8527097253155159,0.978619153674833,15.000000000000002
sa,2,0.15,C,2.9144889878742886,0.8567557535263549,1.0045657015590201,13.305084745762718
sa,3,0.05,D,3.361469933184855,0.9487750556792873,1.3124721603563474,35.0
sa,3,0.05,A,3.119042316258352,0.9509651076466221,1.1576466221232369,3.0226669881842305
sa,3,0.05,B,3.0475501113585746,0.9517817371937639,1.1188195991091314,4.160167966406725
sa,3,0.05,C,2.783333333333333,0.9585003711952487,1.1233481811432813,5.000000000000004
sa,3,0.1,D,3.1615070527097253,0.9001855976243504,1.1652190051967335,7.876482038577237
sa,3,0.1,A,3.070861172976986,0.8990348923533779,1.0515590200445435,7.791952894995092
sa,3,0.1,B,3.02720861172977,0.9005196733481812,1.0376020786933928,9.999999999999998
sa,3,0.1,C,2.8928730512249445,0.9081291759465479,1.055456570155902,8.890010090817357
sa,3,0.15,D,3.04835436773076,0.8508166295471418,1.0592427616926503,12.401247401247407
sa,3,0.15,A,3.0183122989359075,0.847290274684484,0.9821826280623608,12.521982414068745
sa,3,0.15,B,2.9808339519920812,0.8492576095025983,0.9709354120267261,14.639249639249641
sa,3,0.15,C,2.942031675327889,0.8535263548626577,0.9890497401633259,15.000000000000002
sa,4,0.05,D,3.2898292501855977,0.9510764662212323,1.3328878990348922,9.01617250673854
sa,4,0.05,A,3.246807720861173,0.9490348923533779,1.2082034149962881,17.727272727272727
sa,4,0.05,B,3.2406829992576096,0.9480326651818857,1.1619896065330364,3.5507246376811685
sa,4,0.05,C,2.6920935412026727,0.9623236822568672,1.185040831477357,19.999999999999996
sa,4,0.1,D,3.1266146993318484,0.9020786933927246,1.1681885671863401,9.999999999999998
sa,4,0.1,A,3.108648849294729,0.898626577579807,1.0811804008908685,3.2515337423312807
sa,4,0.1,B,3.0975129918337045,0.8984780994803266,1.0670749814402376,9.999999999999998
sa,4,0.1,C,2.871232368225687,0.9119524870081663,1.1102821083890126,9.999999999999998
sa,4,0.15,D,3.0653922296461276,0.8499257609502598,1.0644023756495917,15.000000000000002
sa,4,0.15,A,3.0526602326156893,0.846362286562732,1.0041573867854492,15.000000000000002
sa,4,0.15,B,3.040324177183866,0.846844840386043,0.9982553823311061,15.000000000000002
sa,4,0.15,C,2.952437515466469,0.8564959168522643,1.0390497401633259,13.425196850393705
sa,5,0.05,D,4.021232368225687,0.949517446176689,2.0019302152932443,8.333333333333325
sa,5,0.05,A,3.6751670378619155,0.9488492947290275,1.629138827023014,13.181818181818173
sa,5,0.05,B,3.302264291017075,0.9498886414253898,1.2978099480326653,5.000000000000004
sa,5,0.05,C,2.99550853749072,0.9580920564216778,1.3191907943578323,5.548523206751055
sa,5,0.1,D,3.381365998515219,0.8996659242761693,1.3746844840386043,56.666666666666664
sa,5,0.1,A,3.174647364513734,0.9008166295471418,1.19097995545657,7.656249999999998
sa,5,0.1,B,3.115812917594655,0.9005196733481812,1.1262063845582777,9.999999999999998
sa,5,0.1,C,2.993281365998515,0.912249443207127,1.2382702301410542,11.93995381062356
sa,5,0.15,D,3.173434793367978,0.8506310319227914,1.18184855233853,35.0
sa,5,0.15,A,3.048762682504331,0.8512620638455828,1.0655902004454343,15.000000000000002
sa,5,0.15,B,3.0513486760702793,0.849072011878248,1.0389755011135857,15.000000000000002
sa,5,0.15,C,2.9866369710467704,0.8634743875278397,1.1662954714179659,16.89873417721519
sa,6,0.05,D,3.2506681514476616,0.9530438010393467,1.3724201930215294,7.499999999999996
sa,6,0.05,A,3.1266146993318484,0.9510022271714922,1.1667037861915368,5.000000000000004
sa,6,0.05,B,2.9864513734224203,0.9530066815144767,1.1067186340014847,5.000000000000004
sa,6,0.05,C,2.6753155159613957,0.9616926503340757,1.1430215293244246,10.384615384615381
sa,6,0.1,D,3.1210096510764664,0.902301410541945,1.1670378619153674,9.999999999999998
sa,6,0.1,A,3.000334075723831,0.902264291017075,1.0456198960653305,4.349617422012941
sa,6,0.1,B,2.9234595397178915,0.9052338530066815,1.028136599851522,9.999999999999998
sa,6,0.1,C,2.7901633259094285,0.9144023756495917,1.0782108389012621,9.47916666666666
sa,6,0.15,D,3.0249566938876513,0.8517446176688939,1.048218262806236,15.000000000000002
sa,6,0.15,A,2.9664810690423162,0.8505567928730512,0.9739049740163326,15.000000000000002
sa,6,0.15,B,2.9130413264043553,0.853637713437268,0.9615441722345954,15.000000000000002
sa,6,0.15,C,2.835721356099975,0.8633259094283593,1.0134001484780994,13.94736842105263
sa,7,0.05,D,3.3710096510764664,0.9513734224201931,1.425946547884187,11.502463054187185
sa,7,0.05,A,3.1684484038604306,0.9525612472160356,1.270898292501856,14.35483870967742
sa,7,0.05,B,3.135560504825538,0.9513363028953229,1.189012620638456,16.56862745098039
sa,7,0.05,C,2.6365998515219005,0.9640311804008909,1.1978470675575352,14.999999999999991
sa,7,0.1,D,3.165553080920564,0.9030438010393467,1.2264291017074982,14.561403508771932
sa,7,0.1,A,3.1093912397921306,0.8993689680772086,1.096770601336303,9.999999999999998
sa,7,0.1,B,3.05452858203415,0.9010764662212324,1.0760579064587974,7.549019607843133
sa,7,0.1,C,2.7946919079435784,0.9162583518930958,1.1198589458054937,9.999999999999998
sa,7,0.15,D,3.0239420935412027,0.8565701559020045,1.1115441722345953,15.000000000000002
sa,7,0.15,A,3.016221232368226,0.8503340757238307,1.0206755753526355,15.000000000000002
sa,7,0.15,B,3.0227047760455337,0.8488121752041574,1.0068671121009651,15.000000000000002
sa,7,0.15,C,2.854441969809453,0.864513734224202,1.0479584261321455,44.99999999999999
sa,8,0.05,D,3.2652561247216036,0.9512249443207127,1.3142538975501115,2.7417771232204236
sa,8,0.05,A,2.9644766146993318,0.9553080920564216,1.176800296956199,5.000000000000004
sa,8,0.05,B,2.947178916109874,0.9541945063103192,1.114959168522643,3.734177215189882
sa,8,0.05,C,2.6642910170749814,0.9614699331848552,1.1230883444691908,3.6111111111111205
sa,8,0.1,D,3.047698589458055,0.9053823311061618,1.1553452115812917,9.999999999999998
sa,8,0.1,A,2.990014847809948,0.9023385300668152,1.036785449146251,15.000000000000002
sa,8,0.1,B,2.9442464736451375,0.9037861915367483,1.0199703043801038,9.999999999999998
sa,8,0.1,C,2.8401262063845585,0.910430586488493,1.0487379361544171,7.260273972602738
sa,8,0.15,D,2.9717149220489976,0.8557906458797327,1.0489235337787677,11.557863501483679
sa,8,0.15,A,2.9450012373174954,0.8516332590942836,0.9667780252412769,15.000000000000002
sa,8,0.15,B,2.9075723830734965,0.8534521158129176,0.9536005939123979,14.259944495837185
sa,8,0.15,C,2.8365256124721605,0.8610244988864143,0.9835189309576837,11.003851709195956
sa,9,0.05,D,3.303563474387528,0.9521900519673349,1.3911655530809206,11.666666666666659
sa,9,0.05,A,3.2121380846325165,0.950890868596882,1.2477728285077951,6.678832116788314
sa,9,0.05,B,3.0925760950259837,0.9520044543429844,1.17275426874536,5.000000000000004
sa,9,0.05,C,2.8425760950259837,0.9583518930957684,1.1766518188567185,5.000000000000004
sa,9,0.1,D,3.1822197475872307,0.9016703786191537,1.2156273199703045,7.961667173714626
sa,9,0.1,A,3.0534521158129175,0.9016332590942836,1.0861172976985896,7.088153171120859
sa,9,0.1,B,3.0385300668151447,0.9011507052709725,1.0615441722345953,9.999999999999998
sa,9,0.1,C,2.877616926503341,0.9115070527097253,1.107757980697847,9.999999999999998
sa,9,0.15,D,3.110096510764662,0.8481069042316258,1.0848552338530066,12.676107480029053
sa,9,0.15,A,3.019809453105667,0.8488121752041574,1.0039717891610986,15.000000000000002
sa,9,0.15,B,3.00146003464489,0.849072011878248,0.989086859688196,15.000000000000002
sa,9,0.15,C,2.913412521653056,0.859539717891611,1.0406087602078693,15.000000000000002
