backbone,dataset,seed,alpha,method,is,cov,size,sscv_pct,accuracy,r_C,bw_C
SSFormer,botswana,0,0.05,D,3.0620413609072714,0.9506337558372249,1.0873915943962642,5.000000000000004,0.9799866577718479,10,50
SSFormer,botswana,0,0.05,A,3.3015343562374917,0.9419613075383589,0.9799866577718479,5.000000000000004,0.9799866577718479,10,50
SSFormer,botswana,0,0.05,B,3.1861240827218147,0.9446297531687792,0.971314209472982,5.000000000000004,0.9799866577718479,10,50
SSFormer,botswana,0,0.05,C,2.7945296864576386,0.9546364242828552,0.9799866577718479,5.000000000000004,0.9799866577718479,10,50
SSFormer,botswana,0,0.1,D,2.878585723815877,0.9052701801200801,0.9839893262174784,9.999999999999998,0.9799866577718479,10,50
SSFormer,botswana,0,0.1,A,3.113408939292862,0.8905937291527685,0.9252835223482322,90.0,0.9799866577718479,10,50
SSFormer,botswana,0,0.1,B,2.9266177451634423,0.8999332888592395,0.9252835223482322,9.999999999999998,0.9799866577718479,10,50
SSFormer,botswana,0,0.1,C,2.8072048032021346,0.9059372915276851,0.9259506337558372,9.999999999999998,0.9799866577718479,10,50
SSFormer,botswana,0,0.15,D,2.9546364242828553,0.8458972648432288,0.8999332888592395,15.000000000000002,0.9799866577718479,10,50
SSFormer,botswana,0,0.15,A,3.1156326439848794,0.8312208138759173,0.8652434956637759,85.0,0.9799866577718479,10,50
SSFormer,botswana,0,0.15,B,2.881476539915499,0.8492328218812542,0.8712474983322215,15.000000000000002,0.9799866577718479,10,50
SSFormer,botswana,0,0.15,C,2.736268623526796,0.8605737158105403,0.8772515010006671,15.000000000000002,0.9799866577718479,10,50
SSFormer,botswana,1,0.05,D,2.7545030020013344,0.9606404269513009,1.1801200800533689,9.285714285714286,0.9686457638425617,10,100
SSFormer,botswana,1,0.05,A,2.57104736490994,0.961974649766511,1.0500333555703802,5.000000000000004,0.9686457638425617,10,100
SSFormer,botswana,1,0.05,B,3.04736490993996,0.9486324216144096,0.9926617745163442,5.000000000000004,0.9686457638425617,10,100
SSFormer,botswana,1,0.05,C,2.9299533022014677,0.9513008672448299,0.9819879919946631,5.000000000000004,0.9686457638425617,10,100
SSFormer,botswana,1,0.1,D,3.1674449633088724,0.8919279519679787,1.0060040026684456,9.999999999999998,0.9686457638425617,10,100
SSFormer,botswana,1,0.1,A,3.040693795863909,0.8965977318212142,0.9726484322881921,9.999999999999998,0.9686457638425617,10,100
SSFormer,botswana,1,0.1,B,3.191460973982655,0.8865910607071381,0.923282188125417,9.999999999999998,0.9686457638425617,10,100
SSFormer,botswana,1,0.1,C,2.9786524349566377,0.8972648432288192,0.923949299533022,9.999999999999998,0.9686457638425617,10,100
SSFormer,botswana,1,0.15,D,2.9937736268623527,0.8445630420280187,0.9212808539026017,85.0,0.9686457638425617,10,100
SSFormer,botswana,1,0.15,A,2.889037135868357,0.8525683789192795,0.923282188125417,15.000000000000002,0.9686457638425617,10,100
SSFormer,botswana,1,0.15,B,3.023126528796976,0.8385590393595731,0.8705803869246164,15.000000000000002,0.9686457638425617,10,100
SSFormer,botswana,1,0.15,C,3.0295752724038247,0.8372248165443629,0.8592394929953302,15.000000000000002,0.9686457638425617,10,100
SSFormer,botswana,2,0.05,D,2.9746497665110074,0.9533022014676451,1.1067378252168112,5.000000000000004,0.9786524349566378,10,100
SSFormer,botswana,2,0.05,A,2.4796531020680455,0.9639759839893263,1.038692461641094,5.000000000000004,0.9786524349566378,10,100
SSFormer,botswana,2,0.05,B,2.5670446964643094,0.9606404269513009,0.9926617745163442,5.000000000000004,0.9786524349566378,10,100
SSFormer,botswana,2,0.05,C,2.5296864576384257,0.9613075383589059,0.9819879919946631,5.000000000000004,0.9786524349566378,10,100
SSFormer,botswana,2,0.1,D,2.8492328218812544,0.9066044029352902,0.981320880587058,9.999999999999998,0.9786524349566378,10,100
SSFormer,botswana,2,0.1,A,2.7558372248165446,0.9112741827885257,0.981320880587058,9.999999999999998,0.9786524349566378,10,100
SSFormer,botswana,2,0.1,B,2.677118078719146,0.9132755170113409,0.9426284189459639,9.999999999999998,0.9786524349566378,10,100
SSFormer,botswana,2,0.1,C,2.71714476317545,0.9106070713809206,0.9292861907938625,9.999999999999998,0.9786524349566378,10,100
SSFormer,botswana,2,0.15,D,2.794307315988437,0.8585723815877252,0.9086057371581054,15.000000000000002,0.9786524349566378,10,100
SSFormer,botswana,2,0.15,A,2.745163442294863,0.8639092728485657,0.9306204136090727,15.000000000000002,0.9786524349566378,10,100
SSFormer,botswana,2,0.15,B,2.7633978207694017,0.8592394929953302,0.8865910607071381,15.000000000000002,0.9786524349566378,10,100
SSFormer,botswana,2,0.15,C,2.6382032466088505,0.8685790527018012,0.885923949299533,15.000000000000002,0.9786524349566378,10,100
SSFormer,botswana,3,0.05,D,3.454302868579053,0.9399599733155437,1.0527018012008005,32.49999999999999,0.9766511007338226,5,100
SSFormer,botswana,3,0.05,A,3.228152101400934,0.9439626417611742,0.9866577718478986,5.000000000000004,0.9766511007338226,5,100
SSFormer,botswana,3,0.05,B,3.28685790527018,0.9419613075383589,0.9653102068045364,5.000000000000004,0.9766511007338226,5,100
SSFormer,botswana,3,0.05,C,3.3388925950633754,0.9406270847231488,0.9639759839893263,5.000000000000004,0.9766511007338226,5,100
SSFormer,botswana,3,0.1,D,3.4696464309539694,0.8732488325550367,0.9346230820547031,23.33333333333334,0.9766511007338226,5,100
SSFormer,botswana,3,0.1,A,2.9873248832555035,0.8972648432288192,0.9326217478318879,9.999999999999998,0.9766511007338226,5,100
SSFormer,botswana,3,0.1,B,3.0627084723148768,0.8925950633755837,0.914609739826551,9.999999999999998,0.9766511007338226,5,100
SSFormer,botswana,3,0.1,C,3.0500333555703802,0.8932621747831888,0.9152768512341561,9.999999999999998,0.9766511007338226,5,100
SSFormer,botswana,3,0.15,D,3.2441627751834554,0.8218812541694464,0.8692461641094062,15.000000000000002,0.9766511007338226,5,100
SSFormer,botswana,3,0.15,A,2.9908828107627303,0.8412274849899933,0.8739159439626417,15.000000000000002,0.9766511007338226,5,100
SSFormer,botswana,3,0.15,B,3.0858350011118527,0.8325550366911274,0.8532354903268846,15.000000000000002,0.9766511007338226,5,100
SSFormer,botswana,3,0.15,C,3.0851678897042474,0.8325550366911274,0.8525683789192795,15.000000000000002,0.9766511007338226,5,100
SSFormer,botswana,4,0.05,D,3.0346897931954637,0.951967978652435,1.1134089392928619,14.999999999999991,0.981320880587058,10,100
SSFormer,botswana,4,0.05,A,3.04603068712475,0.9486324216144096,0.9913275517011341,5.000000000000004,0.981320880587058,10,100
SSFormer,botswana,4,0.05,B,3.1120747164776517,0.9466310873915944,0.9773182121414277,5.000000000000004,0.981320880587058,10,100
SSFormer,botswana,4,0.05,C,3.124082721814543,0.9459639759839893,0.962641761174116,5.000000000000004,0.981320880587058,10,100
SSFormer,botswana,4,0.1,D,2.781187458305537,0.9106070713809206,0.9933288859239493,15.000000000000002,0.981320880587058,10,100
SSFormer,botswana,4,0.1,A,2.941294196130754,0.8999332888592395,0.9399599733155437,9.999999999999998,0.981320880587058,10,100
SSFormer,botswana,4,0.1,B,2.9933288859239493,0.8965977318212142,0.9252835223482322,9.999999999999998,0.981320880587058,10,100
SSFormer,botswana,4,0.1,C,3.1954636424282854,0.885256837891928,0.9006004002668445,9.999999999999998,0.981320880587058,10,100
SSFormer,botswana,4,0.15,D,2.6281965754947745,0.8725817211474316,0.9292861907938625,15.000000000000002,0.981320880587058,10,100
SSFormer,botswana,4,0.15,A,2.972870802757394,0.8432288192128086,0.8825883922615076,15.000000000000002,0.981320880587058,10,100
SSFormer,botswana,4,0.15,B,3.0233488992661774,0.837891927951968,0.8619079386257505,15.000000000000002,0.981320880587058,10,100
SSFormer,botswana,4,0.15,C,3.052479430731599,0.8345563709139426,0.8465643762508339,15.000000000000002,0.981320880587058,10,100
SSFormer,botswana,5,0.05,D,3.048032021347565,0.9513008672448299,1.1000667111407605,5.000000000000004,0.9786524349566378,10,100
SSFormer,botswana,5,0.05,A,2.5223482321547697,0.961974649766511,1.0013342228152102,5.000000000000004,0.9786524349566378,10,100
SSFormer,botswana,5,0.05,B,2.582388258839226,0.9599733155436958,0.981320880587058,5.000000000000004,0.9786524349566378,10,100
SSFormer,botswana,5,0.05,C,2.790527018012008,0.9546364242828552,0.9759839893262174,5.000000000000004,0.9786524349566378,10,100
SSFormer,botswana,5,0.1,D,2.927284856571047,0.9026017344896597,0.9793195463642428,9.999999999999998,0.9786524349566378,10,100
SSFormer,botswana,5,0.1,A,2.8332221480987325,0.9052701801200801,0.9386257505003336,9.999999999999998,0.9786524349566378,10,100
SSFormer,botswana,5,0.1,B,3.020013342228152,0.8945963975983989,0.9119412941961308,9.999999999999998,0.9786524349566378,10,100
SSFormer,botswana,5,0.1,C,2.9446297531687793,0.8985990660440294,0.9166110740493663,9.999999999999998,0.9786524349566378,10,100
SSFormer,botswana,5,0.15,D,2.9259506337558374,0.847898599066044,0.8979319546364243,15.000000000000002,0.9786524349566378,10,100
SSFormer,botswana,5,0.15,A,2.9306204136090725,0.8458972648432288,0.875917278185457,15.000000000000002,0.9786524349566378,10,100
SSFormer,botswana,5,0.15,B,3.0140093395597063,0.837891927951968,0.8525683789192795,15.000000000000002,0.9786524349566378,10,100
SSFormer,botswana,5,0.15,C,2.9810985101178566,0.8405603735823882,0.8552368245496998,15.000000000000002,0.9786524349566378,10,100
SSFormer,botswana,6,0.05,D,3.246164109406271,0.9472981987991995,1.1380920613742496,5.000000000000004,0.9666444296197465,5,50
SSFormer,botswana,6,0.05,A,3.5603735823882587,0.9359573048699132,0.9986657771847899,5.000000000000004,0.9666444296197465,5,50
SSFormer,botswana,6,0.05,B,3.399599733155437,0.9392928619079386,0.971314209472982,5.000000000000004,0.9666444296197465,5,50
SSFormer,botswana,6,0.05,C,3.484989993328886,0.9372915276851234,0.9766511007338226,5.000000000000004,0.9666444296197465,5,50
SSFormer,botswana,6,0.1,D,2.989326217478319,0.9006004002668445,1.0013342228152102,9.999999999999998,0.9666444296197465,5,50
SSFormer,botswana,6,0.1,A,3.1787858572381587,0.8879252835223482,0.9372915276851234,9.999999999999998,0.9666444296197465,5,50
SSFormer,botswana,6,0.1,B,3.020013342228152,0.895263509006004,0.9252835223482322,9.999999999999998,0.9666444296197465,5,50
SSFormer,botswana,6,0.1,C,3.2394929953302203,0.8839226150767178,0.9179452968645764,9.999999999999998,0.9666444296197465,5,50
SSFormer,botswana,6,0.15,D,3.005559261730042,0.8432288192128086,0.9152768512341561,15.000000000000002,0.9666444296197465,5,50
SSFormer,botswana,6,0.15,A,3.1056259728708024,0.8332221480987325,0.8819212808539026,15.000000000000002,0.9666444296197465,5,50
SSFormer,botswana,6,0.15,B,3.0102290415832775,0.8392261507671781,0.866577718478986,15.000000000000002,0.9666444296197465,5,50
SSFormer,botswana,6,0.15,C,3.1692239270624865,0.8265510340226818,0.85657104736491,15.000000000000002,0.9666444296197465,5,50
SSFormer,botswana,7,0.05,D,3.010006671114076,0.95263509006004,1.115410273515677,28.333333333333332,0.9739826551034023,10,50
SSFormer,botswana,7,0.05,A,2.468312208138759,0.9639759839893263,1.027351567711808,5.000000000000004,0.9739826551034023,10,50
SSFormer,botswana,7,0.05,B,2.897264843228819,0.951967978652435,0.9759839893262174,4.153140437544112,0.9739826551034023,10,50
SSFormer,botswana,7,0.05,C,2.830553702468312,0.9539693128752502,0.9893262174783188,5.000000000000004,0.9739826551034023,10,50
SSFormer,botswana,7,0.1,D,3.019346230820547,0.8979319546364243,0.9779853235490327,11.428571428571432,0.9739826551034023,10,50
SSFormer,botswana,7,0.1,A,2.9186124082721814,0.9019346230820547,0.9573048699132756,9.999999999999998,0.9739826551034023,10,50
SSFormer,botswana,7,0.1,B,2.8979319546364244,0.9012675116744496,0.923282188125417,9.999999999999998,0.9739826551034023,10,50
SSFormer,botswana,7,0.1,C,3.0313542361574384,0.8945963975983989,0.923282188125417,90.0,0.9739826551034023,10,50
SSFormer,botswana,7,0.15,D,2.8387814098287745,0.8552368245496998,0.9086057371581054,13.5634477254589,0.9739826551034023,10,50
SSFormer,botswana,7,0.15,A,2.812764064932177,0.857238158772515,0.9092728485657104,15.000000000000002,0.9739826551034023,10,50
SSFormer,botswana,7,0.15,B,2.8719146097398265,0.8498999332888593,0.8705803869246164,15.000000000000002,0.9739826551034023,10,50
SSFormer,botswana,7,0.15,C,2.872581721147432,0.8498999332888593,0.8712474983322215,13.976377952755904,0.9739826551034023,10,50
SSFormer,botswana,8,0.05,D,3.2168112074716477,0.9479653102068045,1.1354236157438293,44.99999999999999,0.9553035356904603,10,100
SSFormer,botswana,8,0.05,A,3.0153435623749165,0.9506337558372249,1.0406937958639093,5.000000000000004,0.9553035356904603,10,100
SSFormer,botswana,8,0.05,B,3.104736490993996,0.9479653102068045,1.0233488992661774,5.000000000000004,0.9553035356904603,10,100
SSFormer,botswana,8,0.05,C,3.4129419613075385,0.9392928619079386,0.9846564376250834,5.000000000000004,0.9553035356904603,10,100
SSFormer,botswana,8,0.1,D,2.9472981987991993,0.9032688458972649,1.0126751167444963,90.0,0.9553035356904603,10,100
SSFormer,botswana,8,0.1,A,3.0433622414943295,0.8965977318212142,0.9753168779186124,9.999999999999998,0.9553035356904603,10,100
SSFormer,botswana,8,0.1,B,3.1827885256837893,0.8885923949299533,0.9546364242828552,9.999999999999998,0.9553035356904603,10,100
SSFormer,botswana,8,0.1,C,3.1561040693795865,0.8885923949299533,0.9279519679786524,9.999999999999998,0.9553035356904603,10,100
SSFormer,botswana,8,0.15,D,2.8269957749610852,0.8585723815877252,0.9412941961307538,35.0,0.9553035356904603,10,100
SSFormer,botswana,8,0.15,A,2.9877696241939073,0.8445630420280187,0.9152768512341561,15.000000000000002,0.9553035356904603,10,100
SSFormer,botswana,8,0.15,B,3.0017789637536136,0.8425617078052035,0.9026017344896597,15.000000000000002,0.9553035356904603,10,100
SSFormer,botswana,8,0.15,C,3.036691127418279,0.837891927951968,0.875250166777852,15.000000000000002,0.9553035356904603,10,100
SSFormer,botswana,9,0.05,D,3.0527018012008007,0.9513008672448299,1.104736490993996,5.000000000000004,0.9659773182121414,1,100
SSFormer,botswana,9,0.05,A,3.370913942628419,0.9406270847231488,0.9959973315543695,5.000000000000004,0.9659773182121414,1,100
SSFormer,botswana,9,0.05,B,3.067378252168112,0.9479653102068045,0.9859906604402935,5.000000000000004,0.9659773182121414,1,100
SSFormer,botswana,9,0.05,C,3.47898599066044,0.9379586390927285,0.9973315543695798,5.000000000000004,0.9659773182121414,1,100
SSFormer,botswana,9,0.1,D,3.092728485657105,0.8945963975983989,0.9846564376250834,9.999999999999998,0.9659773182121414,1,100
SSFormer,botswana,9,0.1,A,3.104736490993996,0.8919279519679787,0.9432955303535691,9.999999999999998,0.9659773182121414,1,100
SSFormer,botswana,9,0.1,B,2.885256837891928,0.9026017344896597,0.9372915276851234,9.999999999999998,0.9659773182121414,1,100
SSFormer,botswana,9,0.1,C,3.155436957971981,0.8892595063375583,0.9406270847231488,9.999999999999998,0.9659773182121414,1,100
SSFormer,botswana,9,0.15,D,2.8850344674227264,0.8525683789192795,0.9192795196797865,15.000000000000002,0.9659773182121414,1,100
SSFormer,botswana,9,0.15,A,3.048032021347565,0.837891927951968,0.8865910607071381,15.000000000000002,0.9659773182121414,1,100
SSFormer,botswana,9,0.15,B,2.9559706470980656,0.8438959306204136,0.8745830553702468,15.000000000000002,0.9659773182121414,1,100
SSFormer,botswana,9,0.15,C,3.140538136535468,0.8305537024683122,0.8812541694462975,15.000000000000002,0.9659773182121414,1,100
SSFormer,ip,0,0.05,D,4.253,0.9482,2.181,6.5591397849462325,0.8306,10,10
SSFormer,ip,0,0.05,A,3.461,0.9528,1.573,19.358974358974358,0.8306,10,10
SSFormer,ip,0,0.05,B,3.3528,0.95,1.3528,48.33333333333333,0.8306,10,10
SSFormer,ip,0,0.05,C,3.1022,0.9616,1.5662,11.417910447761193,0.8306,10,10
SSFormer,ip,0,0.1,D,3.6536,0.8978,1.6096,14.615384615384619,0.8306,10,10
SSFormer,ip,0,0.1,A,3.3644,0.8932,1.2284,65.0,0.8306,10,10
SSFormer,ip,0,0.1,B,3.3268,0.8908,1.1428,90.0,0.8306,10,10
SSFormer,ip,0,0.1,C,3.1692,0.907,1.3092,14.242424242424246,0.8306,10,10
SSFormer,ip,0,0.15,D,3.3880666666666666,0.8474,1.3534,19.285714285714285,0.8306,10,10
SSFormer,ip,0,0.15,A,3.2052,0.8422,1.1012,51.66666666666666,0.8306,10,10
SSFormer,ip,0,0.15,B,3.1971333333333334,0.8388,1.0478,35.0,0.8306,10,10
SSFormer,ip,0,0.15,C,3.2091333333333334,0.8466,1.1638,11.66666666666667,0.8306,10,10
SSFormer,ip,1,0.05,D,4.593,0.9548,2.785,3.779149519890257,0.757,5,7
SSFormer,ip,1,0.05,A,4.0592,0.9496,2.0432,9.130434782608688,0.757,5,7
SSFormer,ip,1,0.05,B,3.5952,0.9526,1.6992,11.666666666666659,0.757,5,7
SSFormer,ip,1,0.05,C,3.242,0.9638,1.794,10.03267973856209,0.757,5,7
SSFormer,ip,1,0.1,D,3.8602,0.9036,1.9322,8.000000000000007,0.757,5,7
SSFormer,ip,1,0.1,A,3.5284,0.9008,1.5444,23.33333333333334,0.757,5,7
SSFormer,ip,1,0.1,B,3.352,0.9034,1.42,9.999999999999998,0.757,5,7
SSFormer,ip,1,0.1,C,3.0436,0.9248,1.5396,17.02702702702703,0.757,5,7
SSFormer,ip,1,0.15,D,3.5325333333333337,0.8538,1.5832,15.303030303030296,0.757,5,7
SSFormer,ip,1,0.15,A,3.3939333333333335,0.843,1.3006,15.000000000000002,0.757,5,7
SSFormer,ip,1,0.15,B,3.2328,0.8506,1.2408,4.176598049837487,0.757,5,7
SSFormer,ip,1,0.15,C,3.0770666666666666,0.8738,1.3944,8.21140731556107,0.757,5,7
SSFormer,ip,2,0.05,D,4.8608,0.9508,2.8928,1.5149948293691762,0.797,5,5
SSFormer,ip,2,0.05,A,4.0408,0.9512,2.0888,6.728395061728387,0.797,5,5
SSFormer,ip,2,0.05,B,3.4644,0.953,1.5844,15.512820512820513,0.797,5,5
SSFormer,ip,2,0.05,C,3.231,0.9632,1.759,3.7730061349693256,0.797,5,5
SSFormer,ip,2,0.1,D,3.9736,0.8954,1.8816,3.533834586466167,0.797,5,5
SSFormer,ip,2,0.1,A,3.5618,0.891,1.3818,30.740740740740748,0.797,5,5
SSFormer,ip,2,0.1,B,3.3404,0.896,1.2604,90.0,0.797,5,5
SSFormer,ip,2,0.1,C,3.1762,0.916,1.4962,7.435897435897432,0.797,5,5
SSFormer,ip,2,0.15,D,3.5862,0.8422,1.4822,13.169014084507037,0.797,5,5
SSFormer,ip,2,0.15,A,3.2202,0.8464,1.1722,44.99999999999999,0.797,5,5
SSFormer,ip,2,0.15,B,3.1778,0.8458,1.1218,19.782608695652172,0.797,5,5
SSFormer,ip,2,0.15,C,3.169,0.862,1.329,12.777777777777777,0.797,5,5
SSFormer,ip,3,0.05,D,4.3292,0.9522,2.4172,4.576837416481061,0.7946,10,7
SSFormer,ip,3,0.05,A,4.0882,0.9432,1.8162,4.247648902821311,0.7946,10,7
SSFormer,ip,3,0.05,B,3.8048,0.9434,1.5408,5.738255033557039,0.7946,10,7
SSFormer,ip,3,0.05,C,3.2666,0.9622,1.7546,3.0839114634952147,0.7946,10,7
SSFormer,ip,3,0.1,D,3.7944,0.8984,1.7624,10.312500000000002,0.7946,10,7
SSFormer,ip,3,0.1,A,3.546,0.8912,1.37,8.18181818181818,0.7946,10,7
SSFormer,ip,3,0.1,B,3.3822,0.8942,1.2662,9.999999999999998,0.7946,10,7
SSFormer,ip,3,0.1,C,3.2908,0.9076,1.4428,9.065420560747661,0.7946,10,7
SSFormer,ip,3,0.15,D,3.5148666666666672,0.8468,1.4722,13.070175438596488,0.7946,10,7
SSFormer,ip,3,0.15,A,3.2122,0.8488,1.1962,18.333333333333336,0.7946,10,7
SSFormer,ip,3,0.15,B,3.155066666666667,0.8486,1.1364,9.999999999999998,0.7946,10,7
SSFormer,ip,3,0.15,C,3.2428,0.8542,1.2988,12.468354430379748,0.7946,10,7
SSFormer,ip,4,0.05,D,4.4544,0.9554,2.6704,2.3233404710920835,0.8094,5,20
SSFormer,ip,4,0.05,A,3.8766,0.9508,1.9086,3.715596330275228,0.8094,5,20
SSFormer,ip,4,0.05,B,3.4736,0.9522,1.5616,2.611710323574734,0.8094,5,20
SSFormer,ip,4,0.05,C,3.1946,0.9592,1.5626,4.999999999999993,0.8094,5,20
SSFormer,ip,4,0.1,D,3.7322,0.9034,1.8002,4.732824427480908,0.8094,5,20
SSFormer,ip,4,0.1,A,3.2928,0.9016,1.3248,15.000000000000002,0.8094,5,20
SSFormer,ip,4,0.1,B,3.1784,0.9026,1.2304,9.999999999999998,0.8094,5,20
SSFormer,ip,4,0.1,C,3.0742,0.91,1.2742,9.999999999999998,0.8094,5,20
SSFormer,ip,4,0.15,D,3.3745333333333334,0.8568,1.4652,6.95893926432849,0.8094,5,20
SSFormer,ip,4,0.15,A,3.1086,0.8548,1.1726,25.909090909090903,0.8094,5,20
SSFormer,ip,4,0.15,B,3.1244666666666667,0.848,1.0978,15.000000000000002,0.8094,5,20
SSFormer,ip,4,0.15,C,3.0388,0.8578,1.1428,15.000000000000002,0.8094,5,20
SSFormer,ip,5,0.05,D,4.6364,0.95,2.6364,1.498054474708177,0.7722,10,10
SSFormer,ip,5,0.05,A,3.8352,0.9518,1.9072,1.9026548672566368,0.7722,10,10
SSFormer,ip,5,0.05,B,3.315,0.9564,1.571,3.717948717948727,0.7722,10,10
SSFormer,ip,5,0.05,C,3.1568,0.9658,1.7888,3.175182481751826,0.7722,10,10
SSFormer,ip,5,0.1,D,3.8326,0.905,1.9326,4.648829431438129,0.7722,10,10
SSFormer,ip,5,0.1,A,3.2458,0.9116,1.4778,4.354838709677422,0.7722,10,10
SSFormer,ip,5,0.1,B,3.1274,0.9088,1.3034,23.33333333333334,0.7722,10,10
SSFormer,ip,5,0.1,C,3.0092,0.926,1.5292,8.275862068965512,0.7722,10,10
SSFormer,ip,5,0.15,D,3.4420666666666664,0.8612,1.5914,7.073170731707323,0.7722,10,10
SSFormer,ip,5,0.15,A,3.131466666666667,0.8612,1.2808,9.999999999999998,0.7722,10,10
SSFormer,ip,5,0.15,B,2.9962666666666666,0.8642,1.1856,15.000000000000002,0.7722,10,10
SSFormer,ip,5,0.15,C,2.9624,0.8788,1.3464,12.27272727272728,0.7722,10,10
SSFormer,ip,6,0.05,D,4.6332,0.9552,2.8412,3.7837837837837784,0.7796,5,5
SSFormer,ip,6,0.05,A,3.8168,0.9522,1.9048,4.463722397476333,0.7796,5,5
SSFormer,ip,6,0.05,B,3.473,0.9522,1.561,1.709956709956706,0.7796,5,5
SSFormer,ip,6,0.05,C,3.09,0.9658,1.722,3.214285714285714,0.7796,5,5
SSFormer,ip,6,0.1,D,3.9068,0.903,1.9668,9.03323262839879,0.7796,5,5
SSFormer,ip,6,0.1,A,3.4032,0.9028,1.4592,8.18181818181818,0.7796,5,5
SSFormer,ip,6,0.1,B,3.318,0.899,1.298,9.999999999999998,0.7796,5,5
SSFormer,ip,6,0.1,C,3.15,0.9146,1.442,16.000000000000004,0.7796,5,5
SSFormer,ip,6,0.15,D,3.6371333333333338,0.8442,1.5598,11.47058823529411,0.7796,5,5
SSFormer,ip,6,0.15,A,3.235,0.8512,1.251,27.105263157894733,0.7796,5,5
SSFormer,ip,6,0.15,B,3.1686666666666667,0.8498,1.166,15.000000000000002,0.7796,5,5
SSFormer,ip,6,0.15,C,3.1203333333333334,0.8622,1.283,11.66666666666667,0.7796,5,5
SSFormer,ip,7,0.05,D,4.7672,0.9422,2.4552,5.321489001692048,0.799,10,7
SSFormer,ip,7,0.05,A,3.9982,0.9438,1.7502,11.32653061224489,0.799,10,7
SSFormer,ip,7,0.05,B,3.503,0.95,1.503,9.794520547945195,0.799,10,7
SSFormer,ip,7,0.05,C,3.2834,0.9626,1.7874,4.012875536480687,0.799,10,7
SSFormer,ip,7,0.1,D,3.9264,0.8932,1.7904,9.431279620853083,0.799,10,7
SSFormer,ip,7,0.1,A,3.4884,0.8932,1.3524,15.000000000000002,0.799,10,7
SSFormer,ip,7,0.1,B,3.3214,0.8956,1.2334,13.841059602649008,0.799,10,7
SSFormer,ip,7,0.1,C,3.15,0.9142,1.434,9.04761904761905,0.799,10,7
SSFormer,ip,7,0.15,D,3.5468666666666673,0.8456,1.4882,5.945674044265592,0.799,10,7
SSFormer,ip,7,0.15,A,3.2279333333333335,0.8472,1.1906,20.29411764705882,0.799,10,7
SSFormer,ip,7,0.15,B,3.188066666666667,0.8438,1.1054,15.000000000000002,0.799,10,7
SSFormer,ip,7,0.15,C,3.2218666666666667,0.8522,1.2512,13.571428571428568,0.799,10,7
SSFormer,ip,8,0.05,D,4.5414,0.9546,2.7254,3.5018726591760307,0.8226,10,7
SSFormer,ip,8,0.05,A,4.008,0.9474,1.904,6.486486486486487,0.8226,10,7
SSFormer,ip,8,0.05,B,3.6818,0.9462,1.5298,5.000000000000004,0.8226,10,7
SSFormer,ip,8,0.05,C,3.238,0.9672,1.926,3.570974912670688,0.8226,10,7
SSFormer,ip,8,0.1,D,3.7214,0.9042,1.8054,5.671641791044779,0.8226,10,7
SSFormer,ip,8,0.1,A,3.3626,0.8964,1.2906,14.000000000000002,0.8226,10,7
SSFormer,ip,8,0.1,B,3.2882,0.8952,1.1922,18.571428571428573,0.8226,10,7
SSFormer,ip,8,0.1,C,3.14,0.9204,1.548,7.2440944881889795,0.8226,10,7
SSFormer,ip,8,0.15,D,3.4938,0.8464,1.4458,7.761116856256467,0.8226,10,7
SSFormer,ip,8,0.15,A,3.1288,0.8518,1.1528,18.333333333333336,0.8226,10,7
SSFormer,ip,8,0.15,B,3.1864,0.8422,1.0824,15.000000000000002,0.8226,10,7
SSFormer,ip,8,0.15,C,3.172,0.8632,1.348,10.098591549295776,0.8226,10,7
SSFormer,ip,9,0.05,D,5.1054,0.955,3.3054,2.063369397217929,0.7744,5,5
SSFormer,ip,9,0.05,A,4.1544,0.9512,2.2024,3.5937499999999956,0.7744,5,5
SSFormer,ip,9,0.05,B,3.7254,0.9514,1.7814,4.652509652509651,0.7744,5,5
SSFormer,ip,9,0.05,C,3.0068,0.9708,1.8388,5.000000000000004,0.7744,5,5
SSFormer,ip,9,0.1,D,3.9892,0.9054,2.0972,3.5260586319218246,0.7744,5,5
SSFormer,ip,9,0.1,A,3.427,0.9056,1.539,16.98412698412699,0.7744,5,5
SSFormer,ip,9,0.1,B,3.2718,0.905,1.3718,15.000000000000002,0.7744,5,5
SSFormer,ip,9,0.1,C,3.021,0.9284,1.589,7.222222222222219,0.7744,5,5
SSFormer,ip,9,0.15,D,3.536066666666667,0.86,1.6694,6.117092866756391,0.7744,5,5
SSFormer,ip,9,0.15,A,3.1939333333333337,0.858,1.3006,60.0,0.7744,5,5
SSFormer,ip,9,0.15,B,3.1366666666666667,0.8576,1.238,85.0,0.7744,5,5
SSFormer,ip,9,0.15,C,3.0954,0.8746,1.4234,10.83333333333334,0.7744,5,5
SSFormer,ksc,0,0.05,D,5.361547762998791,0.9379282547359935,2.8786779524385326,4.999999999999993,0.6872228939943571,10,50
SSFormer,ksc,0,0.05,A,4.543732365981459,0.9463925836356308,2.399435711406691,5.086956521739127,0.6872228939943571,10,50
SSFormer,ksc,0,0.05,B,4.444578798871423,0.9423619508262797,2.1390568319226118,12.346938775510196,0.6872228939943571,10,50
SSFormer,ksc,0,0.05,C,3.653365578395808,0.9621120515921,2.1378476420798065,5.000000000000004,0.6872228939943571,10,50
SSFormer,ksc,0,0.1,D,4.514308746473196,0.8923821039903265,2.3619508262797257,7.706422018348624,0.6872228939943571,10,50
SSFormer,ksc,0,0.1,A,4.180975413139863,0.8915759774284563,2.0124949617089882,11.317829457364347,0.6872228939943571,10,50
SSFormer,ksc,0,0.1,B,3.9758162031438937,0.8915759774284563,1.8073357517130189,16.033057851239676,0.6872228939943571,10,50
SSFormer,ksc,0,0.1,C,3.611850060459492,0.9121322047561468,1.8544941555824264,9.183673469387754,0.6872228939943571,10,50
SSFormer,ksc,0,0.15,D,4.064758833803574,0.8492543329302701,2.0548166062071744,8.02325581395349,0.6872228939943571,10,50
SSFormer,ksc,0,0.15,A,3.8256079537820775,0.8436114469971786,1.7404272470777913,13.099173553719002,0.6872228939943571,10,50
SSFormer,ksc,0,0.15,B,3.7853016256885668,0.8375654977831519,1.6195082627972592,13.404669260700386,0.6872228939943571,10,50
SSFormer,ksc,0,0.15,C,3.6770119575440017,0.845626763401854,1.618702136235389,8.209876543209882,0.6872228939943571,10,50
SSFormer,ksc,1,0.05,D,4.2253123740427245,0.954453849254333,2.4034663442160418,3.5561497326203173,0.751309955663039,10,50
SSFormer,ksc,1,0.05,A,4.026602176541717,0.9484079000403063,1.9629181781539702,7.068965517241377,0.751309955663039,10,50
SSFormer,ksc,1,0.05,B,3.582023377670294,0.9528415961305925,1.6956872228939943,13.181818181818173,0.751309955663039,10,50
SSFormer,ksc,1,0.05,C,3.1269649334945586,0.9657396211205159,1.7565497783151955,3.7755102040816335,0.751309955663039,10,50
SSFormer,ksc,1,0.1,D,3.9552599758162033,0.9032648125755743,2.0205562273276905,6.5547703180211965,0.751309955663039,10,50
SSFormer,ksc,1,0.1,A,3.6126561870213623,0.9028617492946392,1.6698911729141475,9.940476190476188,0.751309955663039,10,50
SSFormer,ksc,1,0.1,B,3.5300282144296653,0.9008464328899637,1.54695687222894,10.689655172413792,0.751309955663039,10,50
SSFormer,ksc,1,0.1,C,3.3155985489721886,0.9141475211608222,1.5985489721886337,6.666666666666665,0.751309955663039,10,50
SSFormer,ksc,1,0.15,D,3.7085852478839176,0.8548972188633616,1.773881499395405,15.769230769230768,0.751309955663039,10,50
SSFormer,ksc,1,0.15,A,3.3721617627300824,0.8617492946392583,1.52881902458686,15.000000000000002,0.751309955663039,10,50
SSFormer,ksc,1,0.15,B,3.397554749428994,0.8520757758968158,1.4252317613865377,35.0,0.751309955663039,10,50
SSFormer,ksc,1,0.15,C,3.3331989789063545,0.860137041515518,1.4683595324465941,25.0,0.751309955663039,10,50
SSFormer,ksc,2,0.05,D,4.555018137847642,0.9504232164449818,2.5719467956469164,3.696682464454981,0.6674727932285369,10,100
SSFormer,ksc,2,0.05,A,4.220878677952438,0.9476017734784361,2.124949617089883,15.202020202020194,0.6674727932285369,10,100
SSFormer,ksc,2,0.05,B,3.8810963321241436,0.9524385328496574,1.9786376461104394,12.6,0.6674727932285369,10,100
SSFormer,ksc,2,0.05,C,3.535671100362757,0.9633212414349053,2.0685207577589684,11.101694915254235,0.6674727932285369,10,100
SSFormer,ksc,2,0.1,D,4.2136235388956065,0.8976219266424829,2.166062071745264,6.822429906542049,0.6674727932285369,10,100
SSFormer,ksc,2,0.1,A,3.8029020556227326,0.9044740024183797,1.8923821039903266,14.050632911392402,0.6674727932285369,10,100
SSFormer,ksc,2,0.1,B,3.9302700523982264,0.890769850866586,1.7456670697299477,12.164948453608249,0.6674727932285369,10,100
SSFormer,ksc,2,0.1,C,3.494961708988311,0.9165659008464329,1.826279725916969,17.36842105263158,0.6674727932285369,10,100
SSFormer,ksc,2,0.15,D,3.9600967351874243,0.845223700120919,1.8964127367996775,9.53781512605042,0.6674727932285369,10,100
SSFormer,ksc,2,0.15,A,3.663845223700121,0.8524788391777509,1.6968964127367996,10.943396226415093,0.6674727932285369,10,100
SSFormer,ksc,2,0.15,B,3.6756684132742174,0.8448206368399839,1.6066102378073357,15.000000000000002,0.6674727932285369,10,100
SSFormer,ksc,2,0.15,C,3.5611984414886475,0.8557033454252317,1.6372430471584039,13.613569321533925,0.6674727932285369,10,100
SSFormer,ksc,3,0.05,D,5.353889560661024,0.9298669891172914,2.5485691253526803,3.922413793103452,0.7001209189842805,10,50
SSFormer,ksc,3,0.05,A,4.559854897218863,0.9383313180169287,2.0931076178960097,7.418300653594767,0.7001209189842805,10,50
SSFormer,ksc,3,0.05,B,4.291414752116082,0.939540507859734,1.8730350665054414,10.882352941176466,0.7001209189842805,10,50
SSFormer,ksc,3,0.05,C,3.6259572752922207,0.9556630390971382,1.852478839177751,5.000000000000004,0.7001209189842805,10,50
SSFormer,ksc,3,0.1,D,4.432889963724305,0.8810963321241435,2.0548166062071744,3.1458699472759255,0.7001209189842805,10,50
SSFormer,ksc,3,0.1,A,4.083434099153567,0.8831116485288191,1.7456670697299477,10.784313725490202,0.7001209189842805,10,50
SSFormer,ksc,3,0.1,B,4.031438935912938,0.8798871422813381,1.6291817815397018,17.500000000000004,0.7001209189842805,10,50
SSFormer,ksc,3,0.1,C,3.429262394195889,0.9101168883514712,1.6316001612253124,15.714285714285714,0.7001209189842805,10,50
SSFormer,ksc,3,0.15,D,4.015182050248556,0.8323256751309955,1.7795243853284965,8.684210526315784,0.7001209189842805,10,50
SSFormer,ksc,3,0.15,A,3.7073760580411124,0.8391777509068924,1.5630794034663442,35.0,0.7001209189842805,10,50
SSFormer,ksc,3,0.15,B,3.708047830176005,0.8335348649738009,1.4885126964933495,27.35294117647059,0.7001209189842805,10,50
SSFormer,ksc,3,0.15,C,3.3976891038559724,0.8589278516727126,1.516727126158807,28.137254901960784,0.7001209189842805,10,50
SSFormer,ksc,4,0.05,D,4.874647319629182,0.9467956469165659,2.746473196291818,2.859922178988328,0.6952841596130592,10,50
SSFormer,ksc,4,0.05,A,4.411527609834744,0.9467956469165659,2.28335348649738,3.3333333333333326,0.6952841596130592,10,50
SSFormer,ksc,4,0.05,B,3.8669891172914146,0.9516324062877872,1.932285368802902,13.027210884353735,0.6952841596130592,10,50
SSFormer,ksc,4,0.05,C,3.457476823861346,0.9657396211205159,2.087061668681983,4.64412811387901,0.6952841596130592,10,50
SSFormer,ksc,4,0.1,D,4.3631600161225315,0.8923821039903265,2.210802095929061,3.3333333333333326,0.6952841596130592,10,50
SSFormer,ksc,4,0.1,A,3.895203546956872,0.8972188633615478,1.8395808141878276,20.000000000000007,0.6952841596130592,10,50
SSFormer,ksc,4,0.1,B,3.7384119306731156,0.8935912938331319,1.6102378073357517,16.153846153846153,0.6952841596130592,10,50
SSFormer,ksc,4,0.1,C,3.3446191051995164,0.9222087867795243,1.788794840790004,6.190476190476191,0.6952841596130592,10,50
SSFormer,ksc,4,0.15,D,3.9553943302431818,0.8448206368399839,1.8863361547762998,8.999999999999996,0.6952841596130592,10,50
SSFormer,ksc,4,0.15,A,3.5946526938062613,0.8508665860540104,1.6062071745264006,18.333333333333336,0.6952841596130592,10,50
SSFormer,ksc,4,0.15,B,3.49670831653903,0.8496573962112052,1.4921402660217655,16.034482758620683,0.6952841596130592,10,50
SSFormer,ksc,4,0.15,C,3.2692462716646515,0.871825876662636,1.5602579604997984,21.283185840707965,0.6952841596130592,10,50
SSFormer,ksc,5,0.05,D,4.895606610237808,0.9431680773881499,2.622329705763805,3.9108910891089033,0.7392180572349859,10,50
SSFormer,ksc,5,0.05,A,4.553002821442966,0.9423619508262797,2.247480854494156,11.517857142857135,0.7392180572349859,10,50
SSFormer,ksc,5,0.05,B,3.8694074969770256,0.9528415961305925,1.9830713422007256,9.516129032258059,0.7392180572349859,10,50
SSFormer,ksc,5,0.05,C,3.483675937122128,0.9637243047158404,2.0326481257557436,3.790322580645167,0.7392180572349859,10,50
SSFormer,ksc,5,0.1,D,4.277307537283353,0.8956066102378073,2.1894397420395,6.822429906542061,0.7392180572349859,10,50
SSFormer,ksc,5,0.1,A,3.9149536477226925,0.898428053204353,1.8835147118097542,10.779220779220777,0.7392180572349859,10,50
SSFormer,ksc,5,0.1,B,3.648528819024587,0.9032648125755743,1.7138250705360742,12.641509433962261,0.7392180572349859,10,50
SSFormer,ksc,5,0.1,C,3.369609028617493,0.916968964127368,1.708988311164853,9.193548387096772,0.7392180572349859,10,50
SSFormer,ksc,5,0.15,D,3.949885798737069,0.8444175735590488,1.875453446191052,11.551724137931041,0.7392180572349859,10,50
SSFormer,ksc,5,0.15,A,3.580679833400511,0.8540910923014914,1.6352277307537284,15.000000000000002,0.7392180572349859,10,50
SSFormer,ksc,5,0.15,B,3.5036947467419055,0.8540910923014914,1.558242644095123,15.000000000000002,0.7392180572349859,10,50
SSFormer,ksc,5,0.15,C,3.28335348649738,0.8681983071342201,1.5259975816203144,13.795180722891565,0.7392180572349859,10,50
SSFormer,ksc,6,0.05,D,4.398226521563886,0.954453849254333,2.576380491737203,3.158179848320697,0.7303506650544136,10,50
SSFormer,ksc,6,0.05,A,3.9343006852075777,0.9540507859733979,2.0963321241434905,4.727626459143963,0.7303506650544136,10,50
SSFormer,ksc,6,0.05,B,3.499395405078597,0.9576783555018138,1.8065296251511487,8.471502590673573,0.7303506650544136,10,50
SSFormer,ksc,6,0.05,C,3.229746070133011,0.966142684401451,1.875453446191052,4.583333333333339,0.7303506650544136,10,50
SSFormer,ksc,6,0.1,D,4.0463522773075375,0.9036678758565094,2.1197097944377266,6.021220159151186,0.7303506650544136,10,50
SSFormer,ksc,6,0.1,A,3.47037484885127,0.9161628375654978,1.7936316001612254,9.999999999999998,0.7303506650544136,10,50
SSFormer,ksc,6,0.1,B,3.4852881902458686,0.9085046352277307,1.6553808948004838,16.114649681528668,0.7303506650544136,10,50
SSFormer,ksc,6,0.1,C,3.364772269246272,0.9189842805320435,1.7444578798871422,7.062937062937058,0.7303506650544136,10,50
SSFormer,ksc,6,0.15,D,3.7182587666263602,0.8633615477629988,1.8964127367996775,9.884488448844886,0.7303506650544136,10,50
SSFormer,ksc,6,0.15,A,3.4615074566706974,0.8621523579201935,1.6235388956066101,15.000000000000002,0.7303506650544136,10,50
SSFormer,ksc,6,0.15,B,3.4565363428724982,0.8565094719871019,1.543329302700524,15.102040816326523,0.7303506650544136,10,50
SSFormer,ksc,6,0.15,C,3.349724573424694,0.8698105602579606,1.6138653768641678,10.617529880478093,0.7303506650544136,10,50
SSFormer,ksc,7,0.05,D,4.478436114469972,0.9552599758162031,2.6888351471180973,7.958435207823955,0.6924627166465135,10,100
SSFormer,ksc,7,0.05,A,4.509471987101975,0.9447803305118904,2.30068520757759,21.851851851851844,0.6924627166465135,10,100
SSFormer,ksc,7,0.05,B,3.912132204756147,0.9500201531640468,1.9129383313180168,17.25705329153605,0.6924627166465135,10,100
SSFormer,ksc,7,0.05,C,3.700927045546151,0.9641273679967755,2.2660217654171704,17.81879194630872,0.6924627166465135,10,100
SSFormer,ksc,7,0.1,D,4.045143087464732,0.9064893188230552,2.1749294639258365,15.000000000000002,0.6924627166465135,10,100
SSFormer,ksc,7,0.1,A,3.6928657799274487,0.9097138250705361,1.8871422813381702,18.571428571428573,0.6924627166465135,10,100
SSFormer,ksc,7,0.1,B,3.56590084643289,0.9048770656993148,1.6634421604191858,11.428571428571432,0.6924627166465135,10,100
SSFormer,ksc,7,0.1,C,3.3897621926642483,0.9189842805320435,1.7694478033051189,44.54545454545455,0.6924627166465135,10,100
SSFormer,ksc,7,0.15,D,3.737337095257289,0.8629584844820637,1.9101168883514712,51.66666666666666,0.6924627166465135,10,100
SSFormer,ksc,7,0.15,A,3.5448072013972864,0.8577186618299073,1.6477226924627166,14.000000000000002,0.6924627166465135,10,100
SSFormer,ksc,7,0.15,B,3.401585382238345,0.860540104796453,1.5421201128577187,8.291925465838512,0.6924627166465135,10,100
SSFormer,ksc,7,0.15,C,3.352814725245197,0.8690044336960903,1.6062071745264006,35.0,0.6924627166465135,10,100
SSFormer,ksc,8,0.05,D,4.8734381297863765,0.9435711406690851,2.6162837565497785,8.513513513513505,0.7122128174123338,10,50
SSFormer,ksc,8,0.05,A,4.3309149536477225,0.9415558242644095,1.9931479242241033,8.688212927756645,0.7122128174123338,10,50
SSFormer,ksc,8,0.05,B,3.747682386134623,0.9496170898831117,1.732365981459089,7.849162011173183,0.7122128174123338,10,50
SSFormer,ksc,8,0.05,C,3.7089883111648527,0.954453849254333,1.8871422813381702,6.510791366906465,0.7122128174123338,10,50
SSFormer,ksc,8,0.1,D,4.285368802902056,0.8823055219669488,1.9314792422410318,4.6963216424294245,0.7122128174123338,10,50
SSFormer,ksc,8,0.1,A,3.7372027408303103,0.8960096735187424,1.6573962112051592,12.358722358722362,0.7122128174123338,10,50
SSFormer,ksc,8,0.1,B,3.8020959290608625,0.8863361547762999,1.52881902458686,7.2972972972973,0.7122128174123338,10,50
SSFormer,ksc,8,0.1,C,3.517936316001612,0.9052801289802499,1.6235388956066101,16.050420168067227,0.7122128174123338,10,50
SSFormer,ksc,8,0.15,D,3.84186483944646,0.8395808141878275,1.7029423619508264,9.11764705882353,0.7122128174123338,10,50
SSFormer,ksc,8,0.15,A,3.637511756012361,0.8395808141878275,1.4985892785167272,15.000000000000002,0.7122128174123338,10,50
SSFormer,ksc,8,0.15,B,3.5301625688566443,0.841193067311568,1.4127367996775493,10.652173913043484,0.7122128174123338,10,50
SSFormer,ksc,8,0.15,C,3.4324869004433696,0.8524788391777509,1.4655380894800483,15.000000000000002,0.7122128174123338,10,50
SSFormer,ksc,9,0.05,D,4.662636033857315,0.9500201531640468,2.663442160419186,4.18367346938775,0.6916565900846433,10,50
SSFormer,ksc,9,0.05,A,4.320838371624345,0.9496170898831117,2.305521966948811,14.083969465648849,0.6916565900846433,10,50
SSFormer,ksc,9,0.05,B,3.9903264812575574,0.9492140266021766,1.958887545344619,11.666666666666659,0.6916565900846433,10,50
SSFormer,ksc,9,0.05,C,3.3220475614671505,0.9665457476823861,1.9838774687625957,3.9276139410187705,0.6916565900846433,10,50
SSFormer,ksc,9,0.1,D,4.200322450624748,0.8988311164852882,2.176944780330512,8.82845188284519,0.6916565900846433,10,50
SSFormer,ksc,9,0.1,A,3.8359532446594113,0.8976219266424829,1.788391777509069,11.16788321167883,0.6916565900846433,10,50
SSFormer,ksc,9,0.1,B,3.7214832728738414,0.8976219266424829,1.6739218057234986,18.571428571428573,0.6916565900846433,10,50
SSFormer,ksc,9,0.1,C,3.3224506247480856,0.9197904070939138,1.7182587666263602,9.469026548672566,0.6916565900846433,10,50
SSFormer,ksc,9,0.15,D,4.005105468225178,0.8335348649738009,1.7855703345425231,8.424218123496397,0.6916565900846433,10,50
SSFormer,ksc,9,0.15,A,3.589547225581083,0.8480451430874647,1.5634824667472793,15.000000000000002,0.6916565900846433,10,50
SSFormer,ksc,9,0.15,B,3.443907026736531,0.8544941555824265,1.5038291011688836,12.64227642276422,0.6916565900846433,10,50
SSFormer,ksc,9,0.15,C,3.4252317613865375,0.8609431680773881,1.5711406690850465,16.372549019607842,0.6916565900846433,10,50
SSFormer,pu,0,0.05,D,3.3602972299299254,0.9479377322108827,1.2778065183652354,3.8709677419354827,0.9133236137892113,5,10
SSFormer,pu,0,0.05,A,3.101208672341626,0.9495837840380003,1.0845600338616377,5.000000000000004,0.9133236137892113,5,10
SSFormer,pu,0,0.05,B,3.0742604524291024,0.9493956638291868,1.0500870055965763,5.000000000000004,0.9133236137892113,5,10
SSFormer,pu,0,0.05,C,2.8619197667309413,0.9555095706156234,1.0823025913558764,14.999999999999991,0.9133236137892113,5,10
SSFormer,pu,0,0.1,D,3.181488971452758,0.8956403141607487,1.0942952546677327,9.999999999999998,0.9133236137892113,5,10
SSFormer,pu,0,0.1,A,3.0805624794243522,0.8959695245261722,0.9999529699477966,9.999999999999998,0.9133236137892113,5,10
SSFormer,pu,0,0.1,B,3.02591355876405,0.8976626064054931,0.9791656868739125,9.999999999999998,0.9133236137892113,5,10
SSFormer,pu,0,0.1,C,3.084230823496214,0.8961576447349856,1.007383718195927,9.999999999999998,0.9133236137892113,5,10
SSFormer,pu,0,0.15,D,3.049303171393187,0.845882518929596,0.9944034237878004,15.000000000000002,0.9133236137892113,5,10
SSFormer,pu,0,0.15,A,2.9949207543620373,0.8457884588251893,0.938766872031228,15.000000000000002,0.9133236137892113,5,10
SSFormer,pu,0,0.15,B,2.99327470253492,0.8442364671024785,0.916427597234633,15.000000000000002,0.9133236137892113,5,10
SSFormer,pu,0,0.15,C,3.0305695339321828,0.843389926162818,0.9424352161030899,15.000000000000002,0.9133236137892113,5,10
SSFormer,pu,1,0.05,D,3.369985420683817,0.9528758876922353,1.4850209283732305,3.026020637056981,0.8994497483892208,5,7
SSFormer,pu,1,0.05,A,3.0214927338569346,0.9532050980576589,1.1496966561632884,5.000000000000004,0.8994497483892208,5,7
SSFormer,pu,1,0.05,B,2.9962375958237315,0.952311527065795,1.088698678455533,3.648648648648656,0.8994497483892208,5,7
SSFormer,pu,1,0.05,C,2.8456473686685793,0.9571556224427409,1.1318722663782157,22.272727272727266,0.8994497483892208,5,7
SSFormer,pu,1,0.1,D,3.067817335277242,0.9043408738183699,1.154634811644641,9.999999999999998,0.8994497483892208,5,7
SSFormer,pu,1,0.1,A,2.937308940412924,0.9047641442882002,1.0325918261769271,2.8432972862681094,0.8994497483892208,5,7
SSFormer,pu,1,0.1,B,2.9011428302685416,0.9056106852278606,1.0133565348257536,4.999999999999993,0.8994497483892208,5,7
SSFormer,pu,1,0.1,C,2.831679443164182,0.9116775619620938,1.0652306824060576,8.043151028600093,0.8994497483892208,5,7
SSFormer,pu,1,0.15,D,2.9585665240088415,0.8563702205709448,1.043502798288106,15.000000000000002,0.8994497483892208,5,7
SSFormer,pu,1,0.15,A,2.9189515433695465,0.8534543573343366,0.9650096411607016,6.780176026823137,0.8994497483892208,5,7
SSFormer,pu,1,0.15,B,2.860838075530264,0.8567934910407751,0.9514179560739312,15.000000000000002,0.8994497483892208,5,7
SSFormer,pu,1,0.15,C,2.91213218580006,0.8564172506231482,0.9976955274420355,25.0,0.8994497483892208,5,7
SSFormer,pu,2,0.05,D,3.4696421013027323,0.9477966420542727,1.3815077834736396,7.499999999999996,0.9018953111037953,5,7
SSFormer,pu,2,0.05,A,3.1208202041104265,0.9501951747166439,1.128627192776184,7.612612612612613,0.9018953111037953,5,7
SSFormer,pu,2,0.05,B,3.098292809105018,0.9494426938813902,1.0760005643606265,6.428571428571428,0.9018953111037953,5,7
SSFormer,pu,2,0.05,C,2.906363166063114,0.9554625405634201,1.1248647885999155,5.000000000000004,0.9018953111037953,5,7
SSFormer,pu,2,0.1,D,3.201664863847999,0.8969571556224427,1.1408079762968537,13.636363636363635,0.9018953111037953,5,7
SSFormer,pu,2,0.1,A,3.0633494803179233,0.8978507266143065,1.020364012604054,3.3333333333333326,0.9018953111037953,5,7
SSFormer,pu,2,0.1,B,3.0282180313220146,0.8983210271363401,0.9946385740488172,7.099999999999995,0.9018953111037953,5,7
SSFormer,pu,2,0.1,C,2.9453040492874947,0.9052814748624372,1.0509335465362366,9.999999999999998,0.9018953111037953,5,7
SSFormer,pu,2,0.15,D,3.05905406888335,0.8475285707567135,1.0261016789728636,16.999999999999993,0.9018953111037953,5,7
SSFormer,pu,2,0.15,A,2.9656680618915487,0.8494568028970512,0.9584254338522316,7.979942693409747,0.9018953111037953,5,7
SSFormer,pu,2,0.15,B,2.932903792189876,0.8502563137845083,0.9363213093166534,12.037037037037035,0.9018953111037953,5,7
SSFormer,pu,2,0.15,C,2.9100471868190443,0.8557588298923012,0.9868315853830598,13.085419734904269,0.9018953111037953,5,7
SSFormer,pu,3,0.05,D,3.404129238583455,0.9486431829939331,1.3498565583407798,4.319438536792863,0.9214127827681888,5,15
SSFormer,pu,3,0.05,A,3.0555424916521656,0.9508065653952876,1.0878051074636692,5.000000000000004,0.9214127827681888,5,15
SSFormer,pu,3,0.05,B,3.0151907068616848,0.9509006254996943,1.0512157268494569,5.000000000000004,0.9214127827681888,5,15
SSFormer,pu,3,0.05,C,2.806330245026572,0.956638291868504,1.071861919766731,5.000000000000004,0.9214127827681888,5,15
SSFormer,pu,3,0.1,D,3.1794196491558107,0.897521516248883,1.1298499741334713,9.999999999999998,0.9214127827681888,5,15
SSFormer,pu,3,0.1,A,3.0066312373606734,0.8997789587546442,1.0022104124535578,9.999999999999998,0.9214127827681888,5,15
SSFormer,pu,3,0.1,B,2.9849033532427223,0.8998730188590509,0.9823637304237408,9.999999999999998,0.9214127827681888,5,15
SSFormer,pu,3,0.1,C,2.883459530640079,0.9058458354888774,1.0003762404176268,9.999999999999998,0.9214127827681888,5,15
SSFormer,pu,3,0.15,D,3.0762670679897792,0.8451300380943423,1.0113342425810092,15.000000000000002,0.9214127827681888,5,15
SSFormer,pu,3,0.15,A,2.9553528037749457,0.8487983821662042,0.9393312326576683,15.000000000000002,0.9214127827681888,5,15
SSFormer,pu,3,0.15,B,2.915628086347176,0.8504444339933217,0.921553872924799,15.000000000000002,0.9214127827681888,5,15
SSFormer,pu,3,0.15,C,2.899355688284814,0.8527018764990829,0.9353807082725862,15.000000000000002,0.9214127827681888,5,15
SSFormer,pu,4,0.05,D,3.196679678314443,0.9504303249776608,1.213892677420872,5.000000000000004,0.9334524761322485,3,10
SSFormer,pu,4,0.05,A,3.022762545266425,0.9507595353430842,1.0531439589897944,7.9032258064516085,0.9334524761322485,3,10
SSFormer,pu,4,0.05,B,3.009217890231858,0.9503832949254574,1.024549687250153,22.272727272727266,0.9334524761322485,3,10
SSFormer,pu,4,0.05,C,2.8836476508488924,0.9545689695715562,1.0664064337111414,5.000000000000004,0.9334524761322485,3,10
SSFormer,pu,4,0.1,D,3.0949066453463763,0.89803884682312,1.0556835818087758,9.999999999999998,0.9334524761322485,3,10
SSFormer,pu,4,0.1,A,2.957908103277995,0.9013779805295584,0.9854677138691624,9.999999999999998,0.9334524761322485,3,10
SSFormer,pu,4,0.1,B,2.913417673893618,0.9026477919390491,0.966373512674599,6.754669727642703,0.9334524761322485,3,10
SSFormer,pu,4,0.1,C,2.937355970465127,0.9029770023044725,0.9968960165545784,9.999999999999998,0.9334524761322485,3,10
SSFormer,pu,4,0.15,D,2.958754644217655,0.851008794619762,0.9722052391478154,15.000000000000002,0.9334524761322485,3,10
SSFormer,pu,4,0.15,A,2.903337566038032,0.8517612754550158,0.9268212387715751,15.000000000000002,0.9334524761322485,3,10
SSFormer,pu,4,0.15,B,2.860242361535688,0.8537835676997602,0.9106899308658233,11.156143113089744,0.9334524761322485,3,10
SSFormer,pu,4,0.15,C,2.8881938892285506,0.8535954474909467,0.9361331891078399,15.000000000000002,0.9334524761322485,3,10
SSFormer,pu,5,0.05,D,3.2645910736960917,0.9500070545078305,1.264873254009312,3.0398376046688713,0.9352396181159761,3,10
SSFormer,pu,5,0.05,A,3.0401636645816676,0.9501011146122372,1.0442082490711564,9.285714285714286,0.9352396181159761,3,10
SSFormer,pu,5,0.05,B,2.9258336076753046,0.9524055871702017,1.022057094483375,5.000000000000004,0.9352396181159761,3,10
SSFormer,pu,5,0.05,C,2.934863377698349,0.9532521281098622,1.0649485020928373,5.000000000000004,0.9352396181159761,3,10
SSFormer,pu,5,0.1,D,3.0762357146216432,0.8994967784414241,1.0661712834501247,6.611146331623541,0.9352396181159761,3,10
SSFormer,pu,5,0.1,A,2.9555566006678267,0.9010958002163383,0.9774726049945915,9.999999999999998,0.9352396181159761,3,10
SSFormer,pu,5,0.1,B,2.957719983069181,0.900155199172271,0.9608239665146028,9.999999999999998,0.9352396181159761,3,10
SSFormer,pu,5,0.1,C,2.898791327658374,0.9048582043926069,0.9959554155105113,9.999999999999998,0.9352396181159761,3,10
SSFormer,pu,5,0.15,D,2.973631817397984,0.8498330433146781,0.9714057282603583,35.0,0.9352396181159761,3,10
SSFormer,pu,5,0.15,A,2.909090909090909,0.8507266143065418,0.9187790998448008,15.000000000000002,0.9352396181159761,3,10
SSFormer,pu,5,0.15,B,2.898916741130916,0.8504914640455251,0.9054695950712506,15.000000000000002,0.9352396181159761,3,10
SSFormer,pu,5,0.15,C,2.8926460675038017,0.8529370267600997,0.9318064243051309,15.000000000000002,0.9352396181159761,3,10
SSFormer,pu,6,0.05,D,3.260546489206603,0.949677844142407,1.247660254902883,17.222222222222218,0.9288905610685227,10,10
SSFormer,pu,6,0.05,A,3.0415745661477684,0.950336264873254,1.0550251610779289,5.000000000000004,0.9288905610685227,10,10
SSFormer,pu,6,0.05,B,3.0545548605558954,0.9494426938813902,1.0322626158115036,5.000000000000004,0.9288905610685227,10,10
SSFormer,pu,6,0.05,C,2.953111037953252,0.9527347975356253,1.0625029393782628,5.000000000000004,0.9288905610685227,10,10
SSFormer,pu,6,0.1,D,3.085265484644688,0.8992616281804073,1.0704980482528335,9.999999999999998,0.9288905610685227,10,10
SSFormer,pu,6,0.1,A,3.01232187367728,0.8985561773973569,0.983445421624418,9.999999999999998,0.9288905610685227,10,10
SSFormer,pu,6,0.1,B,3.034943328787095,0.896722005361426,0.9693834360156139,9.999999999999998,0.9288905610685227,10,10
SSFormer,pu,6,0.1,C,2.9229177444386965,0.9035883929831162,0.9946856041010206,9.999999999999998,0.9288905610685227,10,10
SSFormer,pu,6,0.15,D,3.0116320995782973,0.8470112401824766,0.9717819686779853,15.000000000000002,0.9288905610685227,10,10
SSFormer,pu,6,0.15,A,2.9678157676088355,0.8466820298170531,0.9235761651695433,15.000000000000002,0.9288905610685227,10,10
SSFormer,pu,6,0.15,B,2.9176974086441234,0.8498800733668814,0.9160983868692094,15.000000000000002,0.9288905610685227,10,10
SSFormer,pu,6,0.15,C,2.9224474439166626,0.850867704463152,0.9340168367586889,15.000000000000002,0.9288905610685227,10,10
SSFormer,pu,7,0.05,D,3.3340544608004516,0.9501481446644405,1.3399802473780746,3.3221476510067127,0.9050933546536236,5,10
SSFormer,pu,7,0.05,A,3.204580727084607,0.947702581949866,1.1126840050792457,5.000000000000004,0.9050933546536236,5,10
SSFormer,pu,7,0.05,B,3.1633824013544656,0.9480788223674929,1.0865352960541785,5.000000000000004,0.9050933546536236,5,10
SSFormer,pu,7,0.05,C,2.837323049428585,0.9570615623383342,1.1197855429619528,9.285714285714286,0.9050933546536236,5,10
SSFormer,pu,7,0.1,D,3.09551803602502,0.9030710624088792,1.1569392842026054,9.999999999999998,0.9050933546536236,5,10
SSFormer,pu,7,0.1,A,3.106287917979589,0.8957343742651555,1.0209754032826976,9.999999999999998,0.9050933546536236,5,10
SSFormer,pu,7,0.1,B,3.030992804402013,0.8991205380237972,1.013403564877957,9.999999999999998,0.9050933546536236,5,10
SSFormer,pu,7,0.1,C,2.9254103372054745,0.9059869256454874,1.0451488501152237,7.707231040564366,0.9050933546536236,5,10
SSFormer,pu,7,0.15,D,3.0055181927918606,0.8530781169167098,1.0465597516813243,15.000000000000002,0.9050933546536236,5,10
SSFormer,pu,7,0.15,A,3.0218846509586292,0.8450359779899356,0.9556976908244368,15.000000000000002,0.9050933546536236,5,10
SSFormer,pu,7,0.15,B,2.9920989512298357,0.8467760899214598,0.9491134835159667,15.000000000000002,0.9050933546536236,5,10
SSFormer,pu,7,0.15,C,2.91092508112684,0.8549593190048441,0.9770493345247613,13.41269841269841,0.9050933546536236,5,10
SSFormer,pu,8,0.05,D,3.3703616611014438,0.9497248741946104,1.359356628885858,4.5000000000000036,0.9144993650942953,5,10
SSFormer,pu,8,0.05,A,3.096693787330104,0.9498189342990171,1.0894511592907867,5.000000000000004,0.9144993650942953,5,10
SSFormer,pu,8,0.05,B,3.0074777783003337,0.9515120161783379,1.0679584254338523,5.000000000000004,0.9144993650942953,5,10
SSFormer,pu,8,0.05,C,2.828810609979777,0.9564972017118939,1.088698678455533,9.285714285714286,0.9144993650942953,5,10
SSFormer,pu,8,0.1,D,3.034943328787095,0.9048111743404035,1.1311668155951653,9.999999999999998,0.9144993650942953,5,10
SSFormer,pu,8,0.1,A,2.9682547147627334,0.9022715515214222,1.0136857451911772,9.999999999999998,0.9144993650942953,5,10
SSFormer,pu,8,0.1,B,3.017212999106429,0.8986502375017636,0.9902177491417016,9.999999999999998,0.9144993650942953,5,10
SSFormer,pu,8,0.1,C,2.8694916051356816,0.907491887315995,1.0193293514555801,26.363636363636367,0.9144993650942953,5,10
SSFormer,pu,8,0.15,D,2.9801062879179794,0.852984056812303,1.0198937120820204,10.060373216245889,0.9144993650942953,5,10
SSFormer,pu,8,0.15,A,2.916223800341752,0.8526078163946762,0.950994685604101,15.000000000000002,0.9144993650942953,5,10
SSFormer,pu,8,0.15,B,2.9300506356895393,0.8500681935756949,0.9309598833654705,15.000000000000002,0.9144993650942953,5,10
SSFormer,pu,8,0.15,C,2.8633149916129743,0.8569816112495885,0.9564031416074872,18.333333333333336,0.9144993650942953,5,10
SSFormer,pu,9,0.05,D,3.1888256595964823,0.9532991581620656,1.3207919860791046,2.860199714693301,0.9275266895546254,10,10
SSFormer,pu,9,0.05,A,2.996566806189155,0.9518412265437615,1.0702158679396134,8.207547169811313,0.9275266895546254,10,10
SSFormer,pu,9,0.05,B,3.021022433334901,0.9507125052908809,1.0495226449701358,3.350824587706147,0.9275266895546254,10,10
SSFormer,pu,9,0.05,C,3.0340027277430277,0.9520763768047783,1.117057799934158,6.290322580645158,0.9275266895546254,10,10
SSFormer,pu,9,0.1,D,3.065842073084701,0.901330950477355,1.0924610826318017,9.999999999999998,0.9275266895546254,10,10
SSFormer,pu,9,0.1,A,3.0046559751681325,0.8990735079715938,0.9861261346000094,9.999999999999998,0.9275266895546254,10,10
SSFormer,pu,9,0.1,B,3.017071908949819,0.8976626064054931,0.9703240370596812,9.999999999999998,0.9275266895546254,10,10
SSFormer,pu,9,0.1,C,3.002069322296948,0.9017071908949819,1.0362131401965857,15.000000000000002,0.9275266895546254,10,10
SSFormer,pu,9,0.15,D,2.9957202652494943,0.849174622583831,0.9847152330339086,10.994914176732362,0.9275266895546254,10,10
SSFormer,pu,9,0.15,A,2.9316339807803855,0.8495508630014579,0.9256454874664911,15.000000000000002,0.9275266895546254,10,10
SSFormer,pu,9,0.15,B,2.963144115756635,0.8460236090862061,0.910125570239383,15.000000000000002,0.9275266895546254,10,10
SSFormer,pu,9,0.15,C,2.9653074981579897,0.8503974039411184,0.9706062173729013,15.909090909090907,0.9275266895546254,10,10
SSFormer,sa,0,0.05,D,3.5002969561989605,0.9497401633259094,1.4899034892353378,3.700012380834472,0.9130660727542688,10,15
SSFormer,sa,0,0.05,A,3.097624350408315,0.9508166295471417,1.1302895322939865,32.49999999999999,0.9130660727542688,10,15
SSFormer,sa,0,0.05,B,3.051187824795843,0.9505939123979213,1.074944320712695,5.000000000000004,0.9130660727542688,10,15
SSFormer,sa,0,0.05,C,2.81362286562732,0.957238307349666,1.103155159613957,5.000000000000004,0.9130660727542688,10,15
SSFormer,sa,0,0.1,D,3.180920564216778,0.9000742390497402,1.1824053452115812,6.212748344370855,0.9130660727542688,10,15
SSFormer,sa,0,0.1,A,3.0508166295471417,0.8982925018559762,1.0166666666666666,40.0,0.9130660727542688,10,15
SSFormer,sa,0,0.1,B,3.007386785449146,0.8994803266518189,0.9969933184855234,9.999999999999998,0.9130660727542688,10,15
SSFormer,sa,0,0.1,C,2.8490720118782478,0.9088715664439495,1.0265033407572384,9.180327868852455,0.9130660727542688,10,15
SSFormer,sa,0,0.15,D,3.0762063845582777,0.8471046770601336,1.0376020786933928,9.40298507462687,0.9130660727542688,10,15
SSFormer,sa,0,0.15,A,2.984112843355605,0.8473273942093541,0.9484780994803267,35.0,0.9130660727542688,10,15
SSFormer,sa,0,0.15,B,2.956347438752784,0.8483296213808463,0.934075723830735,15.000000000000002,0.9130660727542688,10,15
SSFormer,sa,0,0.15,C,2.8926998267755506,0.8547512991833704,0.9560504825538233,13.484848484848488,0.9130660727542688,10,15
SSFormer,sa,1,0.05,D,3.420044543429844,0.9502227171492205,1.4289532293986638,13.243243243243242,0.9177060133630289,10,15
SSFormer,sa,1,0.05,A,3.1502598366740906,0.9488492947290275,1.1042316258351894,23.571428571428566,0.9177060133630289,10,15
SSFormer,sa,1,0.05,B,3.071677802524128,0.9498144023756496,1.0642538975501115,5.000000000000004,0.9177060133630289,10,15
SSFormer,sa,1,0.05,C,2.6962138084632516,0.9596139569413511,1.0807720861172978,5.000000000000004,0.9177060133630289,10,15
SSFormer,sa,1,0.1,D,3.1688938381588714,0.9006681514476614,1.182256867112101,18.125000000000004,0.9177060133630289,10,15
SSFormer,sa,1,0.1,A,3.020081662954714,0.8994803266518189,1.0096881959910913,23.33333333333334,0.9177060133630289,10,15
SSFormer,sa,1,0.1,B,2.93634001484781,0.9028582034149963,0.9935040831477358,6.727272727272727,0.9177060133630289,10,15
SSFormer,sa,1,0.1,C,2.7809205642167782,0.9114699331848553,1.0103192279138826,9.999999999999998,0.9177060133630289,10,15
SSFormer,sa,1,0.15,D,3.060047018064836,0.8482553823311062,1.036785449146251,35.0,0.9177060133630289,10,15
SSFormer,sa,1,0.15,A,2.9791264538480577,0.8473645137342242,0.9439866369710468,9.999999999999998,0.9177060133630289,10,15
SSFormer,sa,1,0.15,B,2.918634001484781,0.8507795100222717,0.9290274684484039,15.000000000000002,0.9177060133630289,10,15
SSFormer,sa,1,0.15,C,2.7962138084632517,0.861358574610245,0.9476614699331849,15.000000000000002,0.9177060133630289,10,15
SSFormer,sa,2,0.05,D,3.4182999257609503,0.9489977728285078,1.3782108389012622,5.179640718562872,0.9223830734966593,10,10
SSFormer,sa,2,0.05,A,3.0379732739420935,0.9512249443207127,1.0869710467706013,24.213483146067418,0.9223830734966593,10,10
SSFormer,sa,2,0.05,B,3.06362286562732,0.9497030438010393,1.0517446176688938,21.666666666666668,0.9223830734966593,10,10
SSFormer,sa,2,0.05,C,2.7801039346696363,0.9576837416481069,1.0874536005939124,5.000000000000004,0.9223830734966593,10,10
SSFormer,sa,2,0.1,D,3.1843726800296954,0.8972902746844841,1.1301781737193763,9.108280254777068,0.9223830734966593,10,10
SSFormer,sa,2,0.1,A,2.979695619896065,0.9011507052709725,1.002709725315516,23.33333333333334,0.9223830734966593,10,10
SSFormer,sa,2,0.1,B,3.0057535263548627,0.8988864142538976,0.9834818114328137,9.999999999999998,0.9223830734966593,10,10
SSFormer,sa,2,0.1,C,2.8538233110616185,0.9081662954714179,1.0171492204899777,9.999999999999998,0.9223830734966593,10,10
SSFormer,sa,2,0.15,D,3.0534644889878746,0.8463994060876021,1.005456570155902,15.000000000000002,0.9223830734966593,10,10
SSFormer,sa,2,0.15,A,2.9608017817371937,0.8483296213808463,0.9385300668151447,22.499999999999996,0.9223830734966593,10,10
SSFormer,sa,2,0.15,B,2.961024498886414,0.8471046770601336,0.9224201930215293,15.000000000000002,0.9223830734966593,10,10
SSFormer,sa,2,0.15,C,2.8695372432566195,0.8560876020786934,0.9507052709725315,35.0,0.9223830734966593,10,10
SSFormer,sa,3,0.05,D,3.5024127691165554,0.9503711952487008,1.5172605790645879,6.111111111111112,0.8775798069784707,10,10
SSFormer,sa,3,0.05,A,3.2180029695619896,0.9502969561989607,1.2298812175204157,10.675675675675667,0.8775798069784707,10,10
SSFormer,sa,3,0.05,B,3.176837416481069,0.9500742390497402,1.1798069784706755,5.000000000000004,0.8775798069784707,10,10
SSFormer,sa,3,0.05,C,2.680066815144766,0.9625092798812175,1.180438010393467,5.000000000000004,0.8775798069784707,10,10
SSFormer,sa,3,0.1,D,3.2298812175204157,0.9025983667409058,1.2818485523385301,8.214973674072167,0.8775798069784707,10,10
SSFormer,sa,3,0.1,A,3.03634001484781,0.9028953229398664,1.0942464736451374,9.999999999999998,0.8775798069784707,10,10
SSFormer,sa,3,0.1,B,3.0661469933184855,0.9005567928730512,1.07728285077951,9.999999999999998,0.8775798069784707,10,10
SSFormer,sa,3,0.1,C,2.8318856718634002,0.9134743875278396,1.101373422420193,9.999999999999998,0.8775798069784707,10,10
SSFormer,sa,3,0.15,D,3.0982801286810195,0.8525983667409057,1.1329250185597624,13.205128205128203,0.8775798069784707,10,10
SSFormer,sa,3,0.15,A,3.0080673100717643,0.8498515219005197,1.0060876020786933,10.033721643163707,0.8775798069784707,10,10
SSFormer,sa,3,0.15,B,2.9830982430091564,0.851373422420193,1.0014105419450632,15.000000000000002,0.8775798069784707,10,10
SSFormer,sa,3,0.15,C,2.9077332343479334,0.8589829250185598,1.0275055679287306,15.000000000000002,0.8775798069784707,10,10
SSFormer,sa,4,0.05,D,3.4712694877505568,0.9505196733481811,1.4920564216778025,3.344226579520704,0.8757980697847068,10,15
SSFormer,sa,4,0.05,A,3.236785449146251,0.9482925018559762,1.1684855233853007,4.523809523809518,0.8757980697847068,10,15
SSFormer,sa,4,0.05,B,3.1976985894580547,0.9481440237564959,1.1234595397178917,5.000000000000004,0.8757980697847068,10,15
SSFormer,sa,4,0.05,C,2.733667409057164,0.9608389012620638,1.167223459539718,5.000000000000004,0.8757980697847068,10,15
SSFormer,sa,4,0.1,D,3.2433184855233854,0.8978841870824054,1.2010022271714922,7.739162929745891,0.8757980697847068,10,15
SSFormer,sa,4,0.1,A,3.0907201187824795,0.8984780994803266,1.0602821083890126,17.272727272727273,0.8757980697847068,10,15
SSFormer,sa,4,0.1,B,3.061024498886414,0.8992576095025984,1.0461766889383817,9.999999999999998,0.8757980697847068,10,15
SSFormer,sa,4,0.1,C,2.878136599851522,0.9102821083890126,1.0837787676317743,9.999999999999998,0.8757980697847068,10,15
SSFormer,sa,4,0.15,D,3.129175946547884,0.8455456570155901,1.0697847067557535,12.389840022452992,0.8757980697847068,10,15
SSFormer,sa,4,0.15,A,3.0275179411036874,0.8474016332590942,0.9928730512249443,18.333333333333336,0.8757980697847068,10,15
SSFormer,sa,4,0.15,B,3.016493442217273,0.8474016332590942,0.9818485523385301,15.000000000000002,0.8757980697847068,10,15
SSFormer,sa,4,0.15,C,2.921677802524128,0.8566815144766147,1.0107646622123236,15.000000000000002,0.8757980697847068,10,15
SSFormer,sa,5,0.05,D,3.351818856718634,0.9515961395694135,1.4156644394951745,4.610091743119272,0.9096139569413512,10,15
SSFormer,sa,5,0.05,A,3.083667409057164,0.9510764662212323,1.1267260579064589,15.689655172413786,0.9096139569413512,10,15
SSFormer,sa,5,0.05,B,3.021714922048998,0.9522271714922049,1.1108017817371938,12.857142857142856,0.9096139569413512,10,15
SSFormer,sa,5,0.05,C,2.8320712694877503,0.9568671121009651,1.1067557535263548,5.000000000000004,0.9096139569413512,10,15
SSFormer,sa,5,0.1,D,3.13170007423905,0.9024870081662955,1.181440237564959,7.941616766467064,0.9096139569413512,10,15
SSFormer,sa,5,0.1,A,2.9812917594654786,0.9023756495916853,1.0288047512991834,90.0,0.9096139569413512,10,15
SSFormer,sa,5,0.1,B,2.9434298440979956,0.9040460282108389,1.0243504083147736,21.034482758620687,0.9096139569413512,10,15
SSFormer,sa,5,0.1,C,2.815553080920564,0.9110616184112843,1.036785449146251,9.999999999999998,0.9096139569413512,10,15
SSFormer,sa,5,0.15,D,2.9819227913882704,0.8555679287305122,1.0561618411284335,15.000000000000002,0.9096139569413512,10,15
SSFormer,sa,5,0.15,A,2.933147735708983,0.8521158129175946,0.961358574610245,85.0,0.9096139569413512,10,15
SSFormer,sa,5,0.15,B,2.93024003959416,0.8520415738678545,0.9574610244988864,42.142857142857146,0.9096139569413512,10,15
SSFormer,sa,5,0.15,C,2.836909180895818,0.8600965107646622,0.9715293244246473,15.000000000000002,0.9096139569413512,10,15
SSFormer,sa,6,0.05,D,3.4492947290274683,0.9498886414253898,1.4448403860430588,4.177142857142857,0.9038975501113585,10,10
SSFormer,sa,6,0.05,A,3.0956198960653305,0.9513363028953229,1.149072011878248,28.333333333333332,0.9038975501113585,10,10
SSFormer,sa,6,0.05,B,3.10018559762435,0.9497030438010393,1.0883073496659244,14.999999999999991,0.9038975501113585,10,10
SSFormer,sa,6,0.05,C,2.752672605790646,0.9590942835931701,1.116443949517446,5.000000000000004,0.9038975501113585,10,10
SSFormer,sa,6,0.1,D,3.205827765404603,0.8990720118782479,1.187268002969562,12.857142857142856,0.9038975501113585,10,10
SSFormer,sa,6,0.1,A,3.066815144766147,0.8982182628062361,1.0311804008908685,65.0,0.9038975501113585,10,10
SSFormer,sa,6,0.1,B,2.9724201930215295,0.9020786933927246,1.0139940608760207,9.999999999999998,0.9038975501113585,10,10
SSFormer,sa,6,0.1,C,2.89547141796585,0.9072383073496659,1.0402375649591684,23.33333333333334,0.9038975501113585,10,10
SSFormer,sa,6,0.15,D,3.080772086117298,0.8482182628062361,1.0570155902004454,30.454545454545457,0.9038975501113585,10,10
SSFormer,sa,6,0.15,A,2.9685102697352144,0.8498144023756496,0.9660356347438753,85.0,0.9038975501113585,10,10
SSFormer,sa,6,0.15,B,2.9241029448156395,0.8518559762435041,0.9488492947290275,15.000000000000002,0.9038975501113585,10,10
SSFormer,sa,6,0.15,C,2.865825290769611,0.858203414996288,0.9752041573867855,14.200000000000001,0.9038975501113585,10,10
SSFormer,sa,7,0.05,D,3.3951744617668895,0.9515961395694135,1.4590200445434298,4.44857078550529,0.8772457312546399,10,15
SSFormer,sa,7,0.05,A,3.224090571640683,0.9503711952487008,1.2389383815887156,5.52631578947368,0.8772457312546399,10,15
SSFormer,sa,7,0.05,B,3.0785077951002227,0.9520415738678545,1.1601707498144023,8.385826771653537,0.8772457312546399,10,15
SSFormer,sa,7,0.05,C,2.704936896807721,0.961358574610245,1.1592798812175205,5.000000000000004,0.8772457312546399,10,15
SSFormer,sa,7,0.1,D,3.1922048997772827,0.9030438010393467,1.2530809205642168,6.911440277340053,0.8772457312546399,10,15
SSFormer,sa,7,0.1,A,3.0554194506310317,0.9012991833704529,1.0814031180400892,9.999999999999998,0.8772457312546399,10,15
SSFormer,sa,7,0.1,B,3.037602078693393,0.9011135857461025,1.0598737936154417,8.750000000000002,0.8772457312546399,10,15
SSFormer,sa,7,0.1,C,2.817186340014848,0.9133630289532294,1.0844469190794357,9.435347261434213,0.8772457312546399,10,15
SSFormer,sa,7,0.15,D,3.1079312051472407,0.8505939123979213,1.1158500371195248,9.358863093946624,0.8772457312546399,10,15
SSFormer,sa,7,0.15,A,2.9670749814402377,0.8526726057906459,1.002709725315516,15.000000000000002,0.8772457312546399,10,15
SSFormer,sa,7,0.15,B,2.9986389507547635,0.8492947290274685,0.9892353377876764,12.679477882523571,0.8772457312546399,10,15
SSFormer,sa,7,0.15,C,2.8592180153427367,0.8617668893838158,1.0161098737936154,14.114717816303946,0.8772457312546399,10,15
SSFormer,sa,8,0.05,D,3.2634743875278396,0.9529324424647364,1.3807720861172976,14.847328244274804,0.916406829992576,10,15
SSFormer,sa,8,0.05,A,3.0420193021529323,0.951855976243504,1.1162583518930957,39.444444444444436,0.916406829992576,10,15
SSFormer,sa,8,0.05,B,3.008574610244989,0.9516332590942836,1.0739049740163327,8.043478260869563,0.916406829992576,10,15
SSFormer,sa,8,0.05,C,2.715441722345954,0.9597253155159614,1.1044543429844098,5.000000000000004,0.916406829992576,10,15
SSFormer,sa,8,0.1,D,3.0651447661469935,0.904083147735709,1.1468077208611729,42.94117647058824,0.916406829992576,10,15
SSFormer,sa,8,0.1,A,3.008277654046028,0.9001113585746102,1.0105048255382332,65.0,0.916406829992576,10,15
SSFormer,sa,8,0.1,B,2.958240534521158,0.9021158129175947,1.0005567928730512,6.666666666666665,0.916406829992576,10,15
SSFormer,sa,8,0.1,C,2.81807720861173,0.910467706013363,1.0274313288789902,9.999999999999998,0.916406829992576,10,15
SSFormer,sa,8,0.15,D,2.9400024746349915,0.8569413511507052,1.0325538233110616,47.96296296296296,0.916406829992576,10,15
SSFormer,sa,8,0.15,A,2.9449022519178425,0.8501484780994804,0.9468819599109132,85.0,0.916406829992576,10,15
SSFormer,sa,8,0.15,B,2.9391116060381095,0.8494803266518188,0.9321826280623609,35.0,0.916406829992576,10,15
SSFormer,sa,8,0.15,C,2.8549245236327643,0.857720861172977,0.9578693392724573,15.000000000000002,0.916406829992576,10,15
SSFormer,sa,9,0.05,D,3.4335189309576837,0.9511507052709726,1.479547141796585,6.805555555555554,0.9052338530066815,10,15
SSFormer,sa,9,0.05,A,3.1393838158871565,0.9505939123979213,1.163140311804009,14.148936170212767,0.9052338530066815,10,15
SSFormer,sa,9,0.05,B,3.085523385300668,0.9500742390497402,1.0884929472902747,5.000000000000004,0.9052338530066815,10,15
SSFormer,sa,9,0.05,C,2.5883444691907944,0.9632516703786191,1.1184112843355605,5.000000000000004,0.9052338530066815,10,15
SSFormer,sa,9,0.1,D,3.1666666666666665,0.9010022271714923,1.1867112100965107,16.92307692307693,0.9052338530066815,10,15
SSFormer,sa,9,0.1,A,2.9942464736451373,0.9016332590942836,1.026911655530809,9.999999999999998,0.9052338530066815,10,15
SSFormer,sa,9,0.1,B,2.976874536005939,0.9014476614699332,1.0058277654046028,9.999999999999998,0.9052338530066815,10,15
SSFormer,sa,9,0.1,C,2.808648849294729,0.9111358574610245,1.031365998515219,9.999999999999998,0.9052338530066815,10,15
SSFormer,sa,9,0.15,D,3.0994184607770356,0.8452858203414997,1.0365627319970305,26.66666666666666,0.9052338530066815,10,15
SSFormer,sa,9,0.15,A,2.9395570403365507,0.851373422420193,0.9578693392724573,15.000000000000002,0.9052338530066815,10,15
SSFormer,sa,9,0.15,B,2.9567186340014846,0.848663697104677,0.9389012620638456,15.000000000000002,0.9052338530066815,10,15
SSFormer,sa,9,0.15,C,2.8718139074486517,0.8566072754268745,0.9599109131403119,15.000000000000002,0.9052338530066815,10,15
