tile,size_km,size_px,alpha,method,is,cov,size,sscv_pct,accuracy
everglades_fl,1.0,100,0.05,D,3.26,0.945,1.06,3.8826815642458157,0.9485
everglades_fl,1.0,100,0.05,A,3.04,0.9505,1.06,5.000000000000004,0.9485
everglades_fl,1.0,100,0.05,B,2.801,0.9555,1.021,1.610169491525426,0.9485
everglades_fl,1.0,100,0.05,C,2.9465,0.9525,1.0465,3.2758620689655182,0.9485
everglades_fl,1.0,100,0.1,D,3.043,0.897,0.983,8.979591836734691,0.9485
everglades_fl,1.0,100,0.1,A,2.835,0.9085,1.005,9.999999999999998,0.9485
everglades_fl,1.0,100,0.1,B,2.745,0.911,0.965,9.999999999999998,0.9485
everglades_fl,1.0,100,0.1,C,2.8055,0.9085,0.9755,8.18181818181818,0.9485
everglades_fl,1.0,100,0.15,D,2.995166666666667,0.8435,0.9085,13.148148148148152,0.9485
everglades_fl,1.0,100,0.15,A,3.0325,0.8425,0.9325,15.000000000000002,0.9485
everglades_fl,1.0,100,0.15,B,2.755666666666667,0.8615,0.909,15.000000000000002,0.9485
everglades_fl,1.0,100,0.15,C,2.8670000000000004,0.853,0.907,11.428571428571432,0.9485
everglades_fl,2.0,200,0.05,D,3.278368572500938,0.9447016139121731,1.0664331289878644,5.000000000000004,0.9577129988740147
everglades_fl,2.0,200,0.05,A,3.147378956587014,0.9477042412110597,1.0555486050294007,5.000000000000004,0.9577129988740147
everglades_fl,2.0,200,0.05,B,3.0355310897034906,0.949080445389716,0.9987489052921306,2.619047619047621,0.9577129988740147
everglades_fl,2.0,200,0.05,C,3.075566120355311,0.9480795696234205,0.9987489052921306,2.777777777777779,0.9577129988740147
everglades_fl,2.0,200,0.1,D,3.089578381083448,0.89415738771425,0.9727261353684474,9.999999999999998,0.9577129988740147
everglades_fl,2.0,200,0.1,A,3.0294007256349307,0.8984111097210059,0.9976229200550482,9.999999999999998,0.9577129988740147
everglades_fl,2.0,200,0.1,B,3.03678218441136,0.8951582634805455,0.9399474540222695,8.630136986301363,0.9577129988740147
everglades_fl,2.0,200,0.1,C,3.0559239334417616,0.89415738771425,0.9390716877267609,8.64864864864865,0.9577129988740147
everglades_fl,2.0,200,0.15,D,2.980608032028025,0.8442387088702615,0.9037908169648442,15.000000000000002,0.9577129988740147
everglades_fl,2.0,200,0.15,A,3.0616789690979607,0.8404854247466533,0.934817965720005,15.000000000000002,0.9577129988740147
everglades_fl,2.0,200,0.15,B,2.9393219066683347,0.8461153509320656,0.8875265857625422,12.67441860465116,0.9577129988740147
everglades_fl,2.0,200,0.15,C,2.9443262854998125,0.8457400225197047,0.8875265857625422,12.727272727272732,0.9577129988740147
everglades_fl,5.0,500,0.05,D,3.15744,0.94934,1.13104,5.000000000000004,0.95002
everglades_fl,5.0,500,0.05,A,3.07674,0.9509,1.11274,5.000000000000004,0.95002
everglades_fl,5.0,500,0.05,B,3.02828,0.9495,1.00828,5.000000000000004,0.95002
everglades_fl,5.0,500,0.05,C,2.90696,0.95366,1.05336,5.000000000000004,0.95002
everglades_fl,5.0,500,0.1,D,3.01352,0.89986,1.01072,8.163428267234496,0.95002
everglades_fl,5.0,500,0.1,A,3.06566,0.89908,1.04726,9.999999999999998,0.95002
everglades_fl,5.0,500,0.1,B,2.97406,0.89894,0.95286,9.999999999999998,0.95002
everglades_fl,5.0,500,0.1,C,2.93556,0.90142,0.96396,9.999999999999998,0.95002
everglades_fl,5.0,500,0.15,D,2.955026666666667,0.84794,0.92756,15.000000000000002,0.95002
everglades_fl,5.0,500,0.15,A,3.0325400000000005,0.84682,0.99014,15.000000000000002,0.95002
everglades_fl,5.0,500,0.15,B,2.94052,0.84676,0.89732,15.000000000000002,0.95002
everglades_fl,5.0,500,0.15,C,2.921226666666667,0.8486,0.90256,15.000000000000002,0.95002
hartford_ct,1.0,100,0.05,D,4.125562781390696,0.9459729864932466,1.9644822411205602,5.000000000000004,0.7618809404702351
hartford_ct,1.0,100,0.05,A,4.110555277638819,0.9424712356178089,1.8094047023511757,5.000000000000004,0.7618809404702351
hartford_ct,1.0,100,0.05,B,3.8269134567283642,0.950975487743872,1.8659329664832416,5.000000000000004,0.7618809404702351
hartford_ct,1.0,100,0.05,C,3.896448224112056,0.9489744872436218,1.8554277138569284,5.000000000000004,0.7618809404702351
hartford_ct,1.0,100,0.1,D,3.808904452226113,0.8904452226113057,1.6178089044522261,9.999999999999998,0.7618809404702351
hartford_ct,1.0,100,0.1,A,3.664832416208104,0.8929464732366184,1.5237618809404703,9.999999999999998,0.7618809404702351
hartford_ct,1.0,100,0.1,B,3.6728364182091044,0.8899449724862432,1.471735867933967,9.999999999999998,0.7618809404702351
hartford_ct,1.0,100,0.1,C,3.6633316658329163,0.8904452226113057,1.4722361180590295,9.999999999999998,0.7618809404702351
hartford_ct,1.0,100,0.15,D,3.5497748874437223,0.8394197098549274,1.408704352176088,15.000000000000002,0.7618809404702351
hartford_ct,1.0,100,0.15,A,3.356011339002835,0.8504252126063031,1.36168084042021,15.000000000000002,0.7618809404702351
hartford_ct,1.0,100,0.15,B,3.3269968317492085,0.8459229614807404,1.2726363181590796,11.969696969696974,0.7618809404702351
hartford_ct,1.0,100,0.15,C,3.312656328164082,0.8469234617308654,1.2716358179089544,15.000000000000002,0.7618809404702351
hartford_ct,2.0,200,0.05,D,4.038625532982192,0.9474542262352647,1.9367945823927766,5.000000000000004,0.7768999247554552
hartford_ct,2.0,200,0.05,A,3.839729119638826,0.9492099322799097,1.8081264108352144,5.000000000000004,0.7768999247554552
hartford_ct,2.0,200,0.05,B,3.794582392776524,0.9503386004514672,1.8081264108352144,5.000000000000004,0.7768999247554552
hartford_ct,2.0,200,0.05,C,3.7692500627037875,0.9509656383245548,1.8078755956859793,5.000000000000004,0.7768999247554552
hartford_ct,2.0,200,0.1,D,3.7225984449460747,0.8932781540005016,1.5881615249561074,9.999999999999998,0.7768999247554552
hartford_ct,2.0,200,0.1,A,3.4232505643340856,0.9043140205668423,1.5095309756709305,9.999999999999998,0.7768999247554552
hartford_ct,2.0,200,0.1,B,3.445573112616002,0.899799347880612,1.4415600702282418,9.999999999999998,0.7768999247554552
hartford_ct,2.0,200,0.1,C,3.41397040381239,0.9026837220968147,1.4676448457486833,9.999999999999998,0.7768999247554552
hartford_ct,2.0,200,0.15,D,3.4502549954017225,0.845623275645849,1.391898670679709,15.000000000000002,0.7768999247554552
hartford_ct,2.0,200,0.15,A,3.3121394532229753,0.8487584650112867,1.2955856533734638,15.000000000000002,0.7768999247554552
hartford_ct,2.0,200,0.15,B,3.2718418192458825,0.8477552044143466,1.2419112114371709,9.936708860759492,0.7768999247554552
hartford_ct,2.0,200,0.15,C,3.2423710392107683,0.8511412089290193,1.2575871582643592,9.318181818181825,0.7768999247554552
hartford_ct,5.0,500,0.05,D,3.9025151569722074,0.9520779558596955,1.9856333913600257,5.000000000000004,0.7816595633991636
hartford_ct,5.0,500,0.05,A,3.807831602537167,0.9510374772395301,1.8493306921183745,5.000000000000004,0.7816595633991636
hartford_ct,5.0,500,0.05,B,3.7920043219881143,0.950717329971787,1.8206975208595955,5.000000000000004,0.7816595633991636
hartford_ct,5.0,500,0.05,C,3.715409088180563,0.9531384436840947,1.8409468355443503,5.000000000000004,0.7816595633991636
hartford_ct,5.0,500,0.1,D,3.6318906697080657,0.9004742181403446,1.641375032514957,9.999999999999998,0.7816595633991636
hartford_ct,5.0,500,0.1,A,3.528483102227024,0.8998939512175601,1.526362126578226,9.999999999999998,0.7816595633991636
hartford_ct,5.0,500,0.1,B,3.4711167136882968,0.8994937671328811,1.460992056345919,8.692810457516343,0.7816595633991636
hartford_ct,5.0,500,0.1,C,3.4482862116573623,0.9021950097044641,1.4921864057466434,9.156118143459913,0.7816595633991636
hartford_ct,5.0,500,0.15,D,3.425735838485704,0.8504712167597095,1.4320187286151629,13.461538461538469,0.7816595633991636
hartford_ct,5.0,500,0.15,A,3.3306520999659845,0.8502911339216039,1.3345338855873703,15.000000000000002,0.7816595633991636
hartford_ct,5.0,500,0.15,B,3.2484276100339486,0.8503711707385397,1.2533765532144787,15.000000000000002,0.7816595633991636
hartford_ct,5.0,500,0.15,C,3.261133454722507,0.8514516677671728,1.2804890249514778,15.000000000000002,0.7816595633991636
lancaster_pa,1.0,100,0.05,D,3.6226226226226226,0.9434434434434434,1.3603603603603605,5.000000000000004,0.8733733733733734
lancaster_pa,1.0,100,0.05,A,3.190690690690691,0.953953953953954,1.3488488488488488,5.000000000000004,0.8733733733733734
lancaster_pa,1.0,100,0.05,B,3.504004004004004,0.9424424424424425,1.2017017017017018,5.000000000000004,0.8733733733733734
lancaster_pa,1.0,100,0.05,C,3.594094094094094,0.944944944944945,1.3918918918918919,5.000000000000004,0.8733733733733734
lancaster_pa,1.0,100,0.1,D,3.240740740740741,0.8963963963963963,1.1686686686686687,9.999999999999998,0.8733733733733734
lancaster_pa,1.0,100,0.1,A,3.360860860860861,0.8908908908908909,1.1786786786786787,9.999999999999998,0.8733733733733734
lancaster_pa,1.0,100,0.1,B,3.214214214214214,0.8923923923923924,1.062062062062062,9.999999999999998,0.8733733733733734
lancaster_pa,1.0,100,0.1,C,3.3793793793793796,0.8873873873873874,1.127127127127127,5.23809523809523,0.8733733733733734
lancaster_pa,1.0,100,0.15,D,3.1823490156823495,0.8403403403403403,1.0535535535535536,6.25786163522013,0.8733733733733734
lancaster_pa,1.0,100,0.15,A,3.057223890557224,0.8538538538538538,1.1086086086086087,18.333333333333336,0.8733733733733734
lancaster_pa,1.0,100,0.15,B,3.0949282615949283,0.8413413413413413,0.9794794794794794,15.000000000000002,0.8733733733733734
lancaster_pa,1.0,100,0.15,C,3.184684684684685,0.8363363363363363,1.0025025025025025,15.000000000000002,0.8733733733733734
lancaster_pa,2.0,200,0.05,D,3.7953465098824117,0.9437077808356267,1.5436577433074805,2.619047619047621,0.8398799099324493
lancaster_pa,2.0,200,0.05,A,3.5883162371778834,0.946084563422567,1.4316987740805605,5.000000000000004,0.8398799099324493
lancaster_pa,2.0,200,0.05,B,3.585814360770578,0.9439579684763573,1.3441330998248686,0.8628928505789335,0.8398799099324493
lancaster_pa,2.0,200,0.05,C,3.5476607455591695,0.9473355016262197,1.441080810607956,5.000000000000004,0.8398799099324493
lancaster_pa,2.0,200,0.1,D,3.434826119589692,0.8939204403302476,1.3132349261946459,9.999999999999998,0.8398799099324493
lancaster_pa,2.0,200,0.1,A,3.444833625218914,0.8899174380785589,1.2431823867900926,9.999999999999998,0.8398799099324493
lancaster_pa,2.0,200,0.1,B,3.2868401300975734,0.8939204403302476,1.165248936702527,4.642857142857137,0.8398799099324493
lancaster_pa,2.0,200,0.1,C,3.289091818864148,0.8960470352764573,1.210032524393295,9.999999999999998,0.8398799099324493
lancaster_pa,2.0,200,0.15,D,3.1891418563922946,0.8495121341005755,1.1826369777333,15.000000000000002,0.8398799099324493
lancaster_pa,2.0,200,0.15,A,3.2767075306479865,0.839754816112084,1.1401050788091067,15.000000000000002,0.8398799099324493
lancaster_pa,2.0,200,0.15,B,3.1928529730631308,0.8398799099324493,1.0579184388291218,7.961165048543695,0.8398799099324493
lancaster_pa,2.0,200,0.15,C,3.179843215745142,0.8428821616212159,1.084938704028021,7.118226600985222,0.8398799099324493
lancaster_pa,5.0,500,0.05,D,3.75642,0.9528,1.86842,5.000000000000004,0.79844
lancaster_pa,5.0,500,0.05,A,3.7539,0.9488,1.7059,5.000000000000004,0.79844
lancaster_pa,5.0,500,0.05,B,3.6027,0.95114,1.6483,5.000000000000004,0.79844
lancaster_pa,5.0,500,0.05,C,3.6003,0.9514,1.6563,5.000000000000004,0.79844
lancaster_pa,5.0,500,0.1,D,3.51154,0.90138,1.53914,9.999999999999998,0.79844
lancaster_pa,5.0,500,0.1,A,3.43482,0.89946,1.42402,9.999999999999998,0.79844
lancaster_pa,5.0,500,0.1,B,3.32108,0.89998,1.32068,9.999999999999998,0.79844
lancaster_pa,5.0,500,0.1,C,3.37168,0.89934,1.35848,9.999999999999998,0.79844
lancaster_pa,5.0,500,0.15,D,3.3336733333333344,0.85026,1.33714,12.435897435897436,0.79844
lancaster_pa,5.0,500,0.15,A,3.297953333333333,0.84774,1.26782,15.000000000000002,0.79844
lancaster_pa,5.0,500,0.15,B,3.1839000000000004,0.84868,1.1663,15.000000000000002,0.79844
lancaster_pa,5.0,500,0.15,C,3.1951933333333336,0.85026,1.19866,15.000000000000002,0.79844
lubbock_tx,1.0,100,0.05,D,4.213606803401701,0.9364682341170585,1.672336168084042,5.012360939431392,0.807903951975988
lubbock_tx,1.0,100,0.05,A,3.6718359179589797,0.9504752376188094,1.6908454227113556,5.000000000000004,0.807903951975988
lubbock_tx,1.0,100,0.05,B,3.6673336668334167,0.9489744872436218,1.6263131565782891,5.000000000000004,0.807903951975988
lubbock_tx,1.0,100,0.05,C,3.882441220610305,0.9429714857428715,1.6013006503251626,5.000000000000004,0.807903951975988
lubbock_tx,1.0,100,0.1,D,3.5947973986993498,0.8894447223611806,1.3836918459229615,9.999999999999998,0.807903951975988
lubbock_tx,1.0,100,0.1,A,3.3836918459229617,0.8984492246123061,1.3526763381690845,9.999999999999998,0.807903951975988
lubbock_tx,1.0,100,0.1,B,3.5297648824412207,0.8874437218609305,1.27863931965983,5.454545454545457,0.807903951975988
lubbock_tx,1.0,100,0.1,C,3.455727863931966,0.8924462231115557,1.3046523261630816,6.721311475409831,0.807903951975988
lubbock_tx,1.0,100,0.15,D,3.3143238285809575,0.8404202101050525,1.1865932966483241,9.999999999999998,0.807903951975988
lubbock_tx,1.0,100,0.15,A,3.282808070702018,0.8404202101050525,1.1550775387693848,15.000000000000002,0.807903951975988
lubbock_tx,1.0,100,0.15,B,3.258629314657329,0.8379189594797398,1.0975487743871937,15.000000000000002,0.807903951975988
lubbock_tx,1.0,100,0.15,C,3.2616308154077043,0.8394197098549274,1.12056028014007,15.000000000000002,0.807903951975988
lubbock_tx,2.0,200,0.05,D,3.807552832312117,0.9504814305364512,1.826810053770164,5.783055198973042,0.7996748780792797
lubbock_tx,2.0,200,0.05,A,3.6798799549831185,0.9523571339252219,1.774165311991997,5.000000000000004,0.7996748780792797
lubbock_tx,2.0,200,0.05,B,3.510941603101163,0.956358634487933,1.7652869826184818,5.000000000000004,0.7996748780792797
lubbock_tx,2.0,200,0.05,C,3.396523696386145,0.9588595723396274,1.7509065899712393,5.000000000000004,0.7996748780792797
lubbock_tx,2.0,200,0.1,D,3.37414030261348,0.9063398774540453,1.5009378516943854,9.999999999999998,0.7996748780792797
lubbock_tx,2.0,200,0.1,A,3.2761035388270603,0.9087157684131549,1.4504189070901587,9.999999999999998,0.7996748780792797
lubbock_tx,2.0,200,0.1,B,3.2425909716143555,0.9085907215205702,1.4144054020257597,9.999999999999998,0.7996748780792797
lubbock_tx,2.0,200,0.1,C,3.176066024759285,0.9115918469426034,1.4079029636113543,9.999999999999998,0.7996748780792797
lubbock_tx,2.0,200,0.15,D,3.160101704805969,0.8584469175940977,1.2727272727272727,15.000000000000002,0.7996748780792797
lubbock_tx,2.0,200,0.15,A,3.11437622441749,0.8579467300237589,1.2203326247342754,15.000000000000002,0.7996748780792797
lubbock_tx,2.0,200,0.15,B,3.0693593430869917,0.8579467300237589,1.1753157434037764,15.000000000000002,0.7996748780792797
lubbock_tx,2.0,200,0.15,C,3.0702763536326128,0.8585719644866825,1.1845692134550456,15.000000000000002,0.7996748780792797
lubbock_tx,5.0,500,0.05,D,3.89074,0.94984,1.88434,6.2037443323094905,0.78472
lubbock_tx,5.0,500,0.05,A,3.8641,0.95028,1.8753,5.000000000000004,0.78472
lubbock_tx,5.0,500,0.05,B,3.81098,0.9495,1.79098,5.001159554730982,0.78472
lubbock_tx,5.0,500,0.05,C,3.83384,0.9474,1.72984,5.000000000000004,0.78472
lubbock_tx,5.0,500,0.1,D,3.51134,0.90034,1.51814,9.999999999999998,0.78472
lubbock_tx,5.0,500,0.1,A,3.51428,0.90078,1.52988,9.999999999999998,0.78472
lubbock_tx,5.0,500,0.1,B,3.40546,0.90204,1.44626,9.999999999999998,0.78472
lubbock_tx,5.0,500,0.1,C,3.43426,0.89886,1.41146,9.999999999999998,0.78472
lubbock_tx,5.0,500,0.15,D,3.2774333333333336,0.85206,1.3049,15.000000000000002,0.78472
lubbock_tx,5.0,500,0.15,A,3.3073333333333337,0.85008,1.3084,15.000000000000002,0.78472
lubbock_tx,5.0,500,0.15,B,3.19812,0.85054,1.20532,15.000000000000002,0.78472
lubbock_tx,5.0,500,0.15,C,3.212633333333334,0.85008,1.2137,15.000000000000002,0.78472
mississippi_la,2.0,200,0.05,D,3.07425,0.94775,0.98425,5.000000000000004,0.986
mississippi_la,2.0,200,0.05,A,3.157875,0.946125,1.002875,5.000000000000004,0.986
mississippi_la,2.0,200,0.05,B,2.888375,0.952,0.968375,3.9928057553956897,0.986
mississippi_la,2.0,200,0.05,C,3.135375,0.94575,0.965375,4.125943583631308,0.986
mississippi_la,2.0,200,0.1,D,2.976125,0.897375,0.923625,9.999999999999998,0.986
mississippi_la,2.0,200,0.1,A,3.1155,0.8915,0.9455,9.999999999999998,0.986
mississippi_la,2.0,200,0.1,B,2.906875,0.900375,0.914375,8.870056497175138,0.986
mississippi_la,2.0,200,0.1,C,3.01525,0.89475,0.91025,8.957174638487208,0.986
mississippi_la,2.0,200,0.15,D,2.958625,0.842875,0.863625,14.076693968726739,0.986
mississippi_la,2.0,200,0.15,A,3.053625,0.837625,0.888625,15.000000000000002,0.986
mississippi_la,2.0,200,0.15,B,2.931,0.844375,0.856,13.827667057444316,0.986
mississippi_la,2.0,200,0.15,C,2.935708333333334,0.844125,0.857375,13.854120758043198,0.986
mississippi_la,5.0,500,0.05,D,3.01942,0.94972,1.00822,5.000000000000004,0.98346
mississippi_la,5.0,500,0.05,A,3.02998,0.95006,1.03238,5.000000000000004,0.98346
mississippi_la,5.0,500,0.05,B,2.95148,0.95054,0.97308,5.000000000000004,0.98346
mississippi_la,5.0,500,0.05,C,2.94732,0.9508,0.97932,5.000000000000004,0.98346
mississippi_la,5.0,500,0.1,D,2.95714,0.89912,0.93954,9.999999999999998,0.98346
mississippi_la,5.0,500,0.1,A,2.97354,0.9002,0.97754,9.999999999999998,0.98346
mississippi_la,5.0,500,0.1,B,2.941,0.8989,0.919,9.999999999999998,0.98346
mississippi_la,5.0,500,0.1,C,2.94524,0.89878,0.92084,9.999999999999998,0.98346
mississippi_la,5.0,500,0.15,D,2.8885000000000005,0.84946,0.8813,15.000000000000002,0.98346
mississippi_la,5.0,500,0.15,A,2.9438466666666674,0.84842,0.92278,15.000000000000002,0.98346
mississippi_la,5.0,500,0.15,B,2.8710800000000005,0.84976,0.86788,13.508575689783742,0.98346
mississippi_la,5.0,500,0.15,C,2.880793333333333,0.84906,0.86826,13.55577107335655,0.98346
phoenix_az,1.0,100,0.05,D,3.766,0.954,1.926,9.285714285714286,0.7695
phoenix_az,1.0,100,0.05,A,3.5725,0.9565,1.8325,5.000000000000004,0.7695
phoenix_az,1.0,100,0.05,B,3.7555,0.9505,1.7755,5.000000000000004,0.7695
phoenix_az,1.0,100,0.05,C,3.6435,0.9545,1.8235,5.000000000000004,0.7695
phoenix_az,1.0,100,0.1,D,3.5025,0.902,1.5425,9.31506849315068,0.7695
phoenix_az,1.0,100,0.1,A,3.3845,0.9045,1.4745,9.999999999999998,0.7695
phoenix_az,1.0,100,0.1,B,3.282,0.907,1.422,9.999999999999998,0.7695
phoenix_az,1.0,100,0.1,C,3.3215,0.9055,1.4315,7.826086956521738,0.7695
phoenix_az,1.0,100,0.15,D,3.224833333333334,0.8595,1.3515,15.000000000000002,0.7695
phoenix_az,1.0,100,0.15,A,3.232,0.856,1.312,15.000000000000002,0.7695
phoenix_az,1.0,100,0.15,B,3.1640000000000006,0.856,1.244,15.000000000000002,0.7695
phoenix_az,1.0,100,0.15,C,3.1425,0.859,1.2625,15.000000000000002,0.7695
phoenix_az,2.0,200,0.05,D,3.775375,0.95425,1.945375,5.000000000000004,0.779625
phoenix_az,2.0,200,0.05,A,3.773375,0.952125,1.858375,5.000000000000004,0.779625
phoenix_az,2.0,200,0.05,B,3.699125,0.953625,1.844125,5.000000000000004,0.779625
phoenix_az,2.0,200,0.05,C,3.62825,0.95575,1.85825,5.000000000000004,0.779625
phoenix_az,2.0,200,0.1,D,3.4925,0.903625,1.565,9.999999999999998,0.779625
phoenix_az,2.0,200,0.1,A,3.42775,0.902875,1.48525,9.999999999999998,0.779625
phoenix_az,2.0,200,0.1,B,3.433,0.899125,1.4155,9.999999999999998,0.779625
phoenix_az,2.0,200,0.1,C,3.366875,0.903625,1.439375,9.999999999999998,0.779625
phoenix_az,2.0,200,0.15,D,3.3212083333333333,0.851625,1.342875,15.000000000000002,0.779625
phoenix_az,2.0,200,0.15,A,3.259125,0.853,1.299125,15.000000000000002,0.779625
phoenix_az,2.0,200,0.15,B,3.246666666666667,0.847625,1.215,5.157480314960628,0.779625
phoenix_az,2.0,200,0.15,C,3.176916666666667,0.854375,1.23525,11.315789473684212,0.779625
phoenix_az,5.0,500,0.05,D,3.8451214145697485,0.9515541865023803,1.9072888746649599,3.9473684210526327,0.7945153418410209
phoenix_az,5.0,500,0.05,A,3.81833820058407,0.9509341120934512,1.8557026843221187,4.903567984570878,0.7945153418410209
phoenix_az,5.0,500,0.05,B,3.803216385966316,0.9499539944793375,1.8013761651398168,4.029126213592238,0.7945153418410209
phoenix_az,5.0,500,0.05,C,3.7577309277113256,0.9505540664879786,1.7798935872304678,4.0000000000000036,0.7945153418410209
phoenix_az,5.0,500,0.1,D,3.5053606432771933,0.9008280993719247,1.521922630715686,9.999999999999998,0.7945153418410209
phoenix_az,5.0,500,0.1,A,3.457114853782454,0.9000880105612673,1.4588750650078008,9.885974914481189,0.7945153418410209
phoenix_az,5.0,500,0.1,B,3.370264431731808,0.901028123374805,1.3908268992279074,5.336787564766832,0.7945153418410209
phoenix_az,5.0,500,0.1,C,3.341360963315598,0.90280833700044,1.397527703324399,6.666666666666665,0.7945153418410209
phoenix_az,5.0,500,0.15,D,3.2797735728287396,0.8521422570708485,1.3083370004400527,6.443922095366017,0.7945153418410209
phoenix_az,5.0,500,0.15,A,3.2371151204811244,0.8516421970636476,1.2590110813297595,15.000000000000002,0.7945153418410209
phoenix_az,5.0,500,0.15,B,3.143870597805071,0.8519222306676801,1.1695003400408048,8.750000000000002,0.7945153418410209
phoenix_az,5.0,500,0.15,C,3.161726073795523,0.8526023122774733,1.1964235708284994,15.000000000000002,0.7945153418410209
polk_iowa,1.0,100,0.05,D,3.7308654327163584,0.9464732366183092,1.5897948974487244,5.000000000000004,0.8444222111055528
polk_iowa,1.0,100,0.05,A,2.842421210605303,0.966983491745873,1.52176088044022,5.000000000000004,0.8444222111055528
polk_iowa,1.0,100,0.05,B,2.7348674337168584,0.9694847423711856,1.514257128564282,5.000000000000004,0.8444222111055528
polk_iowa,1.0,100,0.05,C,2.7593796898449225,0.967983991995998,1.4787393696848423,5.000000000000004,0.8444222111055528
polk_iowa,1.0,100,0.1,D,3.2651325662831416,0.904952476238119,1.3641820910455227,9.999999999999998,0.8444222111055528
polk_iowa,1.0,100,0.1,A,2.939469734867434,0.9184592296148074,1.3086543271635818,9.999999999999998,0.8444222111055528
polk_iowa,1.0,100,0.1,B,2.989994997498749,0.912456228114057,1.2391195597798899,9.999999999999998,0.8444222111055528
polk_iowa,1.0,100,0.1,C,2.9619809904952477,0.9129564782391195,1.221110555277639,9.999999999999998,0.8444222111055528
polk_iowa,1.0,100,0.15,D,3.1734200433550113,0.8534267133566783,1.2191095547773887,15.000000000000002,0.8444222111055528
polk_iowa,1.0,100,0.15,A,3.0411872602968155,0.8599299649824912,1.1735867933966984,15.000000000000002,0.8444222111055528
polk_iowa,1.0,100,0.15,B,2.9866599966649994,0.8584292146073037,1.0990495247623813,15.000000000000002,0.8444222111055528
polk_iowa,1.0,100,0.15,C,2.952309488077373,0.8609304652326163,1.098049024512256,15.000000000000002,0.8444222111055528
polk_iowa,2.0,200,0.05,D,3.469043151969981,0.9558474046278924,1.7029393370856785,5.000000000000004,0.8215134459036898
polk_iowa,2.0,200,0.05,A,3.478424015009381,0.951594746716698,1.5422138836772983,5.000000000000004,0.8215134459036898
polk_iowa,2.0,200,0.05,B,3.4656660412757976,0.9520950594121326,1.5494684177611007,5.000000000000004,0.8215134459036898
polk_iowa,2.0,200,0.05,C,3.414759224515322,0.9555972482801751,1.6386491557223264,5.000000000000004,0.8215134459036898
polk_iowa,2.0,200,0.1,D,3.438023764853033,0.8993120700437773,1.4242651657285803,9.999999999999998,0.8215134459036898
polk_iowa,2.0,200,0.1,A,3.2652908067542215,0.9025641025641026,1.3165728580362728,9.999999999999998,0.8215134459036898
polk_iowa,2.0,200,0.1,B,3.2560350218886804,0.900562851782364,1.26729205753596,9.999999999999998,0.8215134459036898
polk_iowa,2.0,200,0.1,C,3.287929956222639,0.9024390243902439,1.3367104440275173,9.999999999999998,0.8215134459036898
polk_iowa,2.0,200,0.15,D,3.263122785074005,0.8496560350218887,1.2585365853658537,15.000000000000002,0.8215134459036898
polk_iowa,2.0,200,0.15,A,3.130581613508443,0.8544090056285178,1.1893683552220138,15.000000000000002,0.8215134459036898
polk_iowa,2.0,200,0.15,B,3.1159057744423606,0.8515322076297686,1.1363352095059411,15.000000000000002,0.8215134459036898
polk_iowa,2.0,200,0.15,C,3.1598082134667504,0.8507817385866167,1.1702313946216385,15.000000000000002,0.8215134459036898
polk_iowa,5.0,500,0.05,D,3.843105483206305,0.9469683330332673,1.7218388045369981,3.750000000000009,0.8148792734401569
polk_iowa,5.0,500,0.05,A,3.679069395266959,0.947688491468123,1.5866090539918782,5.000000000000004,0.8148792734401569
polk_iowa,5.0,500,0.05,B,3.590889995799076,0.9484886675068515,1.5304366960731361,5.000000000000004,0.8148792734401569
polk_iowa,5.0,500,0.05,C,3.609134009482086,0.9480285662845827,1.5302766608653904,5.000000000000004,0.8148792734401569
polk_iowa,5.0,500,0.1,D,3.541979235431795,0.89499689931785,1.4419172217887934,9.999999999999998,0.8148792734401569
polk_iowa,5.0,500,0.1,A,3.4090099821960833,0.8975974714437176,1.3609594110704355,9.999999999999998,0.8148792734401569
polk_iowa,5.0,500,0.1,B,3.33661405509212,0.8969973394146712,1.2765608433855449,8.429693076374011,0.8148792734401569
polk_iowa,5.0,500,0.1,C,3.355078117185781,0.8962971853807837,1.2810218248014562,8.522800256904306,0.8148792734401569
polk_iowa,5.0,500,0.15,D,3.3335067048083915,0.8454860069215228,1.2733201304286943,12.705403404885274,0.8148792734401569
polk_iowa,5.0,500,0.15,A,3.298172264564871,0.8444257736702074,1.2238492468343036,15.000000000000002,0.8148792734401569
polk_iowa,5.0,500,0.15,B,3.1810998419652328,0.8472663986076937,1.1446518234011482,13.232323232323239,0.8148792734401569
polk_iowa,5.0,500,0.15,C,3.246387538591824,0.842125267558863,1.1413911060433295,13.440979955456578,0.8148792734401569
sacramento_ca,1.0,100,0.05,D,2.82982982982983,0.9534534534534534,0.9679679679679679,5.000000000000004,0.9934934934934935
sacramento_ca,1.0,100,0.05,A,2.7082082082082084,0.9574574574574575,1.0065065065065064,5.000000000000004,0.9934934934934935
sacramento_ca,1.0,100,0.05,B,2.5095095095095097,0.9614614614614615,0.9679679679679679,5.000000000000004,0.9934934934934935
sacramento_ca,1.0,100,0.05,C,2.5425425425425425,0.960960960960961,0.980980980980981,5.000000000000004,0.9934934934934935
sacramento_ca,1.0,100,0.1,D,2.6566566566566565,0.9134134134134134,0.924924924924925,9.999999999999998,0.9934934934934935
sacramento_ca,1.0,100,0.1,A,2.7287287287287287,0.9114114114114115,0.9569569569569569,9.999999999999998,0.9934934934934935
sacramento_ca,1.0,100,0.1,B,2.840840840840841,0.9034034034034034,0.908908908908909,9.999999999999998,0.9934934934934935
sacramento_ca,1.0,100,0.1,C,2.58008008008008,0.9174174174174174,0.9284284284284284,9.999999999999998,0.9934934934934935
sacramento_ca,1.0,100,0.15,D,2.7934601267934602,0.8553553553553553,0.8648648648648649,15.000000000000002,0.9934934934934935
sacramento_ca,1.0,100,0.15,A,2.7914581247914585,0.8583583583583584,0.9029029029029029,15.000000000000002,0.9934934934934935
sacramento_ca,1.0,100,0.15,B,2.832665999332666,0.8518518518518519,0.8573573573573574,15.000000000000002,0.9934934934934935
sacramento_ca,1.0,100,0.15,C,2.687520854187521,0.8638638638638638,0.8723723723723724,15.000000000000002,0.9934934934934935
sacramento_ca,2.0,200,0.05,D,3.1395843765648475,0.9455433149724587,0.9613169754631948,5.000000000000004,0.9892338507761642
sacramento_ca,2.0,200,0.05,A,3.200050075112669,0.9449173760640961,0.9967451176765147,5.000000000000004,0.9892338507761642
sacramento_ca,2.0,200,0.05,B,3.1583625438157235,0.9449173760640961,0.9550575863795694,4.20938200026354,0.9892338507761642
sacramento_ca,2.0,200,0.05,C,3.134326489734602,0.9455433149724587,0.9560590886329494,4.222558966925815,0.9892338507761642
sacramento_ca,2.0,200,0.1,D,2.9971206810215323,0.8955933900851277,0.9089884827240862,9.246336357292396,0.9892338507761642
sacramento_ca,2.0,200,0.1,A,2.955683525287932,0.8997245868803205,0.9501752628943415,9.999999999999998,0.9892338507761642
sacramento_ca,2.0,200,0.1,B,2.988107160741112,0.8958437656484727,0.9049824737105658,9.153600666019146,0.9892338507761642
sacramento_ca,2.0,200,0.1,C,3.017025538307461,0.8943415122684026,0.9038557836755132,9.138170697803726,0.9892338507761642
sacramento_ca,2.0,200,0.15,D,3.006843598731431,0.8382573860791187,0.8502754131196795,14.006524317912216,0.9892338507761642
sacramento_ca,2.0,200,0.15,A,2.957936905358037,0.8452679018527791,0.8948422633950927,15.000000000000002,0.9892338507761642
sacramento_ca,2.0,200,0.15,B,2.9893173092972796,0.8393840761141712,0.8477716574862293,14.12696063924238,0.9892338507761642
sacramento_ca,2.0,200,0.15,C,2.9414538474378236,0.8432648973460191,0.8516524787180771,14.145425077353767,0.9892338507761642
sacramento_ca,5.0,500,0.05,D,3.04578,0.95024,1.05538,5.000000000000004,0.97744
sacramento_ca,5.0,500,0.05,A,3.1097,0.94972,1.0985,8.560804899387575,0.97744
sacramento_ca,5.0,500,0.05,B,2.92732,0.9514,0.98332,13.302828618968377,0.97744
sacramento_ca,5.0,500,0.05,C,2.93296,0.95196,1.01136,9.273858921161827,0.97744
sacramento_ca,5.0,500,0.1,D,2.93352,0.90196,0.97272,9.999999999999998,0.97744
sacramento_ca,5.0,500,0.1,A,3.05616,0.8991,1.03816,9.999999999999998,0.97744
sacramento_ca,5.0,500,0.1,B,2.89028,0.90204,0.93108,10.399113082039912,0.97744
sacramento_ca,5.0,500,0.1,C,2.93502,0.90004,0.93582,9.999999999999998,0.97744
sacramento_ca,5.0,500,0.15,D,2.891153333333334,0.85104,0.90502,15.000000000000002,0.97744
sacramento_ca,5.0,500,0.15,A,3.0183866666666668,0.84722,0.98132,15.000000000000002,0.97744
sacramento_ca,5.0,500,0.15,B,2.862633333333333,0.8511,0.8773,27.857142857142858,0.97744
sacramento_ca,5.0,500,0.15,C,2.894826666666667,0.84878,0.87856,13.042874804637384,0.97744
seattle_wa,1.0,100,0.05,D,3.2521260630315156,0.9559779889944973,1.4912456228114057,5.000000000000004,0.8209104552276139
seattle_wa,1.0,100,0.05,A,3.5172586293146573,0.9474737368684342,1.416208104052026,5.000000000000004,0.8209104552276139
seattle_wa,1.0,100,0.05,B,3.2611305652826412,0.9534767383691846,1.400200100050025,5.000000000000004,0.8209104552276139
seattle_wa,1.0,100,0.05,C,3.36368184092046,0.9514757378689345,1.422711355677839,5.000000000000004,0.8209104552276139
seattle_wa,1.0,100,0.1,D,3.2216108054027015,0.903951975987994,1.3006503251625814,9.999999999999998,0.8209104552276139
seattle_wa,1.0,100,0.1,A,3.3216608304152078,0.8969484742371185,1.2606303151575788,9.999999999999998,0.8209104552276139
seattle_wa,1.0,100,0.1,B,3.2051025512756377,0.8999499749874937,1.2041020510255127,9.999999999999998,0.8209104552276139
seattle_wa,1.0,100,0.1,C,3.139069534767384,0.9044522261130565,1.2281140570285143,9.572649572649572,0.8209104552276139
seattle_wa,1.0,100,0.15,D,3.215274303818576,0.8449224612306153,1.1475737868934468,15.000000000000002,0.8209104552276139
seattle_wa,1.0,100,0.15,A,3.324995831248958,0.8369184592296148,1.150575287643822,15.000000000000002,0.8209104552276139
seattle_wa,1.0,100,0.15,B,3.088711022177756,0.8509254627313657,1.1010505252626313,14.619771863117869,0.8209104552276139
seattle_wa,1.0,100,0.15,C,3.043688510922128,0.8554277138569285,1.1160580290145072,14.307958477508652,0.8209104552276139
seattle_wa,2.0,200,0.05,D,3.3835,0.94975,1.3735,5.000000000000004,0.863
seattle_wa,2.0,200,0.05,A,3.646375,0.941375,1.301375,5.000000000000004,0.863
seattle_wa,2.0,200,0.05,B,3.307375,0.9485,1.247375,5.000000000000004,0.863
seattle_wa,2.0,200,0.05,C,3.25,0.950125,1.255,5.000000000000004,0.863
seattle_wa,2.0,200,0.1,D,3.294625,0.895125,1.197125,9.999999999999998,0.863
seattle_wa,2.0,200,0.1,A,3.383125,0.88975,1.178125,9.999999999999998,0.863
seattle_wa,2.0,200,0.1,B,3.20275,0.895,1.10275,8.869475847893115,0.863
seattle_wa,2.0,200,0.1,C,3.16225,0.897375,1.10975,8.735408560311287,0.863
seattle_wa,2.0,200,0.15,D,3.0985833333333335,0.849,1.08525,15.000000000000002,0.863
seattle_wa,2.0,200,0.15,A,3.1376250000000003,0.847375,1.102625,15.000000000000002,0.863
seattle_wa,2.0,200,0.15,B,3.0598750000000003,0.847,1.019875,13.774080560420321,0.863
seattle_wa,2.0,200,0.15,C,3.040666666666667,0.84875,1.024,13.839137645107801,0.863
seattle_wa,5.0,500,0.05,D,3.4559764781182496,0.9490959276742139,1.419813585086807,5.000000000000004,0.8616489319145532
seattle_wa,5.0,500,0.05,A,3.3153452276182094,0.9508760700856068,1.3503880310424834,5.000000000000004,0.8616489319145532
seattle_wa,5.0,500,0.05,B,3.2379790383230658,0.9507960636850948,1.2698215857268582,5.000000000000004,0.8616489319145532
seattle_wa,5.0,500,0.05,C,3.193655492439395,0.9520161612929035,1.2743019441555326,5.000000000000004,0.8616489319145532
seattle_wa,5.0,500,0.1,D,3.2106568525482038,0.9011720937675014,1.2340987278982318,9.999999999999998,0.8616489319145532
seattle_wa,5.0,500,0.1,A,3.175134010720858,0.9016321305704457,1.2077766221297703,9.999999999999998,0.8616489319145532
seattle_wa,5.0,500,0.1,B,3.0924473957916634,0.9011120889671174,1.1146891751340107,7.601651842439638,0.8616489319145532
seattle_wa,5.0,500,0.1,C,3.0466637330986477,0.904232338587087,1.1313105048403873,9.999999999999998,0.8616489319145532
seattle_wa,5.0,500,0.15,D,3.117389391151292,0.8492079366349308,1.1068285462837026,15.000000000000002,0.8616489319145532
seattle_wa,5.0,500,0.15,A,3.109582099901325,0.8504280342427394,1.115289223137851,15.000000000000002,0.8616489319145532
seattle_wa,5.0,500,0.15,B,3.018088113715765,0.8508680694455556,1.029662372989839,15.000000000000002,0.8616489319145532
seattle_wa,5.0,500,0.15,C,3.0003466944022192,0.8527282182574606,1.036722937835027,12.07132735002362,0.8616489319145532
yellowstone_wy,1.0,100,0.05,D,3.886886886886887,0.9404404404404404,1.5045045045045045,5.000000000000004,0.8548548548548549
yellowstone_wy,1.0,100,0.05,A,3.6331331331331334,0.9419419419419419,1.3108108108108107,5.000000000000004,0.8548548548548549
yellowstone_wy,1.0,100,0.05,B,3.488988988988989,0.943943943943944,1.2467467467467468,5.000000000000004,0.8548548548548549
yellowstone_wy,1.0,100,0.05,C,3.5215215215215214,0.9429429429429429,1.2392392392392393,5.000000000000004,0.8548548548548549
yellowstone_wy,1.0,100,0.1,D,3.5645645645645647,0.8853853853853854,1.2722722722722724,9.999999999999998,0.8548548548548549
yellowstone_wy,1.0,100,0.1,A,3.2112112112112112,0.8978978978978979,1.1691691691691692,9.999999999999998,0.8548548548548549
yellowstone_wy,1.0,100,0.1,B,3.2237237237237237,0.8943943943943944,1.1116116116116117,9.999999999999998,0.8548548548548549
yellowstone_wy,1.0,100,0.1,C,3.1686686686686687,0.8973973973973974,1.1166166166166167,9.999999999999998,0.8548548548548549
yellowstone_wy,1.0,100,0.15,D,3.3958958958958965,0.8288288288288288,1.1136136136136137,15.000000000000002,0.8548548548548549
yellowstone_wy,1.0,100,0.15,A,3.2158825492158827,0.8388388388388388,1.067067067067067,15.000000000000002,0.8548548548548549
yellowstone_wy,1.0,100,0.15,B,3.0653987320653995,0.8473473473473474,1.03003003003003,9.886363636363637,0.8548548548548549
yellowstone_wy,1.0,100,0.15,C,3.208875542208876,0.8358358358358359,1.02002002002002,15.000000000000002,0.8548548548548549
yellowstone_wy,2.0,200,0.05,D,3.770625,0.951875,1.845625,5.000000000000004,0.778375
yellowstone_wy,2.0,200,0.05,A,3.56525,0.95225,1.65525,5.000000000000004,0.778375
yellowstone_wy,2.0,200,0.05,B,3.5365,0.9505,1.5565,4.78494623655914,0.778375
yellowstone_wy,2.0,200,0.05,C,3.387,0.954625,1.572,5.000000000000004,0.778375
yellowstone_wy,2.0,200,0.1,D,3.58575,0.89775,1.54075,9.763593380614655,0.778375
yellowstone_wy,2.0,200,0.1,A,3.5375,0.89325,1.4025,9.999999999999998,0.778375
yellowstone_wy,2.0,200,0.1,B,3.364875,0.89775,1.319875,9.090909090909093,0.778375
yellowstone_wy,2.0,200,0.1,C,3.334625,0.90075,1.349625,9.465240641711226,0.778375
yellowstone_wy,2.0,200,0.15,D,3.441666666666667,0.842375,1.34,14.01960784313726,0.778375
yellowstone_wy,2.0,200,0.15,A,3.4312500000000004,0.836125,1.24625,15.000000000000002,0.778375
yellowstone_wy,2.0,200,0.15,B,3.3176250000000005,0.839875,1.182625,15.000000000000002,0.778375
yellowstone_wy,2.0,200,0.15,C,3.183666666666667,0.8525,1.217,13.507462686567163,0.778375
yellowstone_wy,5.0,500,0.05,D,3.83762,0.94934,1.81122,5.000000000000004,0.77456
yellowstone_wy,5.0,500,0.05,A,3.70552,0.9488,1.65752,5.000000000000004,0.77456
yellowstone_wy,5.0,500,0.05,B,3.52852,0.95152,1.58932,4.636552440290764,0.77456
yellowstone_wy,5.0,500,0.05,C,3.54652,0.9521,1.63052,5.000000000000004,0.77456
yellowstone_wy,5.0,500,0.1,D,3.64032,0.89674,1.57512,9.999999999999998,0.77456
yellowstone_wy,5.0,500,0.1,A,3.4683,0.8993,1.4543,9.999999999999998,0.77456
yellowstone_wy,5.0,500,0.1,B,3.35936,0.90054,1.37016,9.790356394129972,0.77456
yellowstone_wy,5.0,500,0.1,C,3.3641,0.90308,1.4257,9.999999999999998,0.77456
yellowstone_wy,5.0,500,0.15,D,3.4587733333333333,0.84606,1.40624,15.000000000000002,0.77456
yellowstone_wy,5.0,500,0.15,A,3.3261,0.84928,1.3165,15.000000000000002,0.77456
yellowstone_wy,5.0,500,0.15,B,3.2420200000000006,0.85048,1.24842,14.627791563275439,0.77456
yellowstone_wy,5.0,500,0.15,C,3.2602533333333343,0.8517,1.28292,14.687304565353344,0.77456
